,,,,,,,
Variables,Description,Detailed description,,,,,
id,Id of patient,,,,,,
pid,personal identification Id,This can be used perticularly for the asymptomatic cases who may have more than 1 round included in the datasets (longitudinal data),,,,,
sex,sex of patient,M=1; F=0,,,,,
sexl,sex of patient labelled as M=1; F=0,,,,,,
age,age of patient,,,,,,
tem,axilliary temperature of patient at enrolment (febrile if > 37.5),,,,,,
hb_g_dl,hemoglobin level at enrolment (g/dL),,,,,,
currfever,current fevere status,0=not febrile; 1=febrile,,,,,
country,country of study,0=Ethiopia; 1=Thailand; 2=Cambodia,,,,,
casetype,symptom status of patient,0=asymptomatic; 1=symptomatic,,,,,
micr_result,parasite species by microscopy,"0=negative, 1=pf, 2=pv, 3=pfpv",,,,,
micr_result_l,"parasite species by microscopy labelled as 0=negative, 1=pf, 2=pv, pfpv=3",,,,,,
asexpar_ul_mic,asexual parasite density per ul by microscopy,,,,,,
asexpar_ml_mic,asexual parasite density per ml by microscopy,,,,,,
logasexpar_ml_mic,log10 asexual parasite density per ml by microscopy,,,,,,
gam_ul_mic,gemetocyte density per ul by microscopy,,,,,,
gam_ml_mic,gametocyte density per ml by microscopy,,,,,,
loggam_ml_mic,log10 gametocyte density per ml by microscopy,,,,,,
totpar_ml_mic,total parasite density per ml by microscopy (asexual + gametocytes),,,,,,
logtotpar_ml_mic,log10 total parasite density per ml by microscopy,,,,,,
pcr_r,"18s PCR result  labelled as  Negative=0, P. falciparum=1, P. vivax=2 , mixed (Pf and Pv)=3",,,,,,
pv18sct,Pv 18s Ct value,,,,,,
logpv18ssq_pcr_copies_ml,log10 pv18s copies per ml in PCR (before adjusted to a smaple level),,,,,,
pv18ssq_pcr_copies_ml,pv18s copies per ml in PCR (before adjusted to a smaple level),,,,,,
pv18ssq_sample_copies_ml,pv18s copies per ml in sample (after adjusted to sample level),,,,,,
logpv18ssq_sample_copies_ml,log10 pv18s copies per ml in sample(after adjusted to sample level),,,,,,
pvs25ct,Pvs25 Ct value,,,,,,
logpvs25sq_pcr_copies_ml,log10 pvs25 copies per ml in PCR (before adjusted to a smaple level),,,,,,
pvs25sq_pcr_copies_ml,pvs25 copies per ml in PCR (before adjusted to a smaple level),,,,,,
pvs25sq_sample_copies_ml,pvs25 copies per ml in sample (after adjusted to sample level),,,,,,
logpvs25sq_sample_copies_ml,log10 pvs25 copies per ml in sample (after adjusted to sample level),,,,,,
pf18sct,Pf 18s Ct value,,,,,,
pf18ssq_pcr_copies_ml,pf18s copies per ml in PCR (before adjusted to a smaple level),,,,,,
pf18ssq_pcr_copies_ul,pf18s copies per ul in PCR (before adjusted to a smaple level),,,,,,
pf18ssq_smaple_copies_ul,pf18s copies per ul in sample (after adjusted to a sample level),,,,,,
pf18ssq_smaple_copies_ml,pf18s copies per ml in sample (after adjusted to a sample level),,,,,,
pf18s_par_sample_ul,pf parasites per ul in sample,,,,,,
pf18s_par_sample_ml,pf parasites per ml in sample,,,,,,
pfmgetct,PfMGET Ct value,,,,,,
pfmgetsq_pcr_copies_ml,pfmget copies per ml in PCR (before adjusted to a smaple level),,,,,,
pfmgetsq_sample_copies_ml,pfmget copies per ml in sample (after adjusted to a smple level),,,,,,
pfmget_sample_gam_ml,Pf male gametocytes per ml in sample (after adjustement to a smaple level),,,,,,
ccp4ct,Ccp4 Ct value,,,,,,
ccp4sq_pcr_copies_ml,ccp4 copies per ml in PCR ( before adjusted to a sample level),,,,,,
ccp4sq_sample_copies_ml,ccp4 copies per ml in sample (after adjusted to a sample level),,,,,,
ccp4_sample_gam_ml,Pf female gametocytes in sample (after adjusted to a sample level),,,,,,
infstat,"mosquito infectivity status (e.g. 0=not infected, 1=infected)",,,,,,
site,site of study,,,,,,
fdate,mosquito feeding dtate,,,,,,
nrmosq_diss,number of mosquitoes dissected,,,,,,
nr_infmosq,number of mosquitoes infected,,,,,,
pmos,proportion of mosquitoes infected (mosquito infection rate),,,,,,
log_pmos,log10 proportion of mosquitoes infected,,,,,,
totocyburden,total number of oocysts counted,,,,,,
mnoocyst_infmosq,mean oocyst among infected mosquitoes,total number of oocyst divided by the number of infected mosquitoes,,,,,
totmeanoocyst,mean oocyst among all dissected mosquitoes,total number of oocyst divided by the number of dissected mosquitoes,,,,,
log10_totmeanoocyst,log10 of totmeanoocyst,,,,,,
nfed,number of fully fed mosquitoes,,,,,,
feed_eff,mosquiot feeding efficiency,,,,,,
logpf18ssq_sample_copies_ml,log10 pf18s copies per ml in sample(after adjusted to sample level),,,,,,
pcr_par,Parasite secies by pcr,,,,,,
micr_par,parasite species by microscopy,,,,,,
pvgam_s,"pv gametocyte positivity by pcr, 0=negative, 1=positive",,,,,,
pvgam_ms,"pv gametocyte positivity by microscopy, 0=negative, 1=positive",,,,,,
pv_status,"pv status, pv=2",,,,,,
pvceltos_od_d1,pvceltos od dulicate 1,,,,,,
pvceltos_od_d2,pvceltos od dulicate 2,,,,,,
pvceltos_dil_elisa,pvceltos sample dilution for elisa,,,,,,
pvs230_od_d1_surafel,pv230 od dulicate 1_surafel,,,,,,
pvs230_od_d2_surafel,pv230 od dulicate 2_surafel,,,,,,
pvs230_dil_elisa_surafel,pv230 sample dilution for elisa,,,,,,
pvs230_od_d1_karina,pv230 od dulicate 1_karina,,,,,,
pvs230_od_d2_karina,pv230 od dulicate 2_karina,,,,,,
pvs230_dil_elisa_karina,pv230 sample dilution for elisa,,,,,,
pvs47_od_d1,pvs47 od duplicate 1,,,,,,
pvs47_od_d2,pvs47 od duplicate 2,,,,,,
pvs47_dil_elisa,pv247 sample dilution for elisa,,,,,,
pvs4845_od_d1,pv4845 od duplicate 1,,,,,,
pvs4845_od_d2,pv4845 od duplicate 2,,,,,,
pvs4845_dil_elisa,pv4845 sample dilution for elisa,,,,,,
pvs25_od_d1,pvs25 od duplicate 1,,,,,,
pvs25_od_d2,pvs25 od duplicate 2,,,,,,
pvs25_dil_elisa,pvs25 sample dilution for elisa,,,,,,
