variables,,,,Description,,,,,,,,,,Detailed description,,,,,,,,,,,,,,,,,,,,,,,
id,,,,id of patients,,,,,,,,,,,,,,,,,,,,,,,,,,,,,,,,,
sex,,,,sex of patient,,,,,,,,,,,,,,,,,,,,,,,,,,,,,,,,,
sexl,,,,"sex labeles, 1=M, 0=F",,,,,,,,,,,,,,,,,,,,,,,,,,,,,,,,,
age,,,,age of patient,,,,,,,,,,,,,,,,,,,,,,,,,,,,,,,,,
tem,,,,axilliary temperature of patient at enrolment (febrile if > 37.5),,,,,,,,,,,,,,,,,,,,,,,,,,,,,,,,,
hb_gdl,,,,hemoglobin level at enrolment (g/dL),,,,,,,,,,,,,,,,,,,,,,,,,,,,,,,,,
currfever,,,,current fevere status,,,,,,,,,,,,,,,,,,,,,,,,,,,,,,,,,
country,,,,country of study,,,,,,,,,,,,,,,,,,,,,,,,,,,,,,,,,
casetype,,,,symptom status of patient,,,,,,,,,,,,,,,,,,,,,,,,,,,,,,,,,
srstat,,,,"serum replacement status ""Yes"" if replaced with naïve serum or ""No"" if feeding is with whole blood",,,,,,,,,,,,,,,,,,,,,,,,,,,,,,,,,
mic_result,,,,parasite species by microscopy,,,,,,,,,,,,,,,,,,,,,,,,,,,,,,,,,
mic_result_l,,,,"parasite species by microscopy labeles, 0=neg, 1=pf, 2=pv, 3=mixed",,,,,,,,,,,,,,,,,,,,,,,,,,,,,,,,,
asexpar_ul_mic,,,,asexual parasite density per ul by microscopy,,,,,,,,,,,,,,,,,,,,,,,,,,,,,,,,,
logasexpar_ul_mic,,,,log10 asexual parasite density per ul by microscopy,,,,,,,,,,,,,,,,,,,,,,,,,,,,,,,,,
gam_ul_mic,,,,gemetocyte density per ul by microscopy,,,,,,,,,,,,,,,,,,,,,,,,,,,,,,,,,
loggam_ul_mic,,,,log10 gemetocyte density per ul by microscopy,,,,,,,,,,,,,,,,,,,,,,,,,,,,,,,,,
totpar_ul,,,,total parasite density per ul by microscopy (asexual + gametocytes),,,,,,,,,,,,,,,,,,,,,,,,,,,,,,,,,
logtotpar_ul,,,,log10 total parasite density per ul by microscopy (asexual + gametocytes),,,,,,,,,,,,,,,,,,,,,,,,,,,,,,,,,
infstat,,,,"mosquito infectivity status (e.g. 0=not infected, 1=infected)",,,,,,,,,,,,,,,,,,,,,,,,,,,,,,,,,
site,,,,study site,,,,,,,,,,,,,,,,,,,,,,,,,,,,,,,,,
fdate,,,,mosquito feeding date,,,,,,,,,,,,,,,,,,,,,,,,,,,,,,,,,
pmosq_wb,,,,proportion of mosquitoes infected (mosquito infection rate) during whole blood feed,,,,,,,,,,,,,,,,,,,,,,,,,,,,,,,,,
pmosq_sr,,,,proportion of mosquitoes infected (mosquito infection rate) during naïve serum feed,,,,,,,,,,,,,,,,,,,,,,,,,,,,,,,,,
totocyburden_sr,,,,total number of oocysts counted in naïve sera feeds,,,,,,,,,,,,,,,,,,,,,,,,,,,,,,,,,
totocyburden_wb,,,,total number of oocysts counted in whole blood feeds,,,,,,,,,,,,,,,,,,,,,,,,,,,,,,,,,
mnoocyst_infmosq_wb,,,,mean oocyst among infected mosquitoes in whole blood feeds,,,,,,,,,,total number of oocyst divided by the number of infected mosquitoes,,,,,,,,,,,,,,,,,,,,,,,
mnoocyst_infmosq_sr,,,,mean oocyst among infected mosquitoes in naïve sera feeds,,,,,,,,,,total number of oocyst divided by the number of infected mosquitoes,,,,,,,,,,,,,,,,,,,,,,,
r_value,,,,r-value as computed from (mean oocyst in naïve serum feed - mean oocyst in whole blood feed)/mean oocyst in the naïve serum feeds,,,,,,,,,,,,,,,,,,,,,,,,,,,,,,,,,
pdiff_wb_sr,,,,difference in proportion of mosquitoes infected whole blood feed - naïve serum feed,,,,,,,,,,,,,,,,,,,,,,,,,,,,,,,,,
pdiff_sr_wb,,,,difference in proportion of mosquitoes infected naïve serum feed - whole blood feed,,,,,,,,,,,,,,,,,,,,,,,,,,,,,,,,,
pcr_r,,,,"18s PCR result labelled as  Negative=0, P. falciparum=1, P. vivax=2 , mixed (Pf and Pv)=3",,,,,,,,,,,,,,,,,,,,,,,,,,,,,,,,,
pv18sct,,,,Pv 18s Ct value,,,,,,,,,,,,,,,,,,,,,,,,,,,,,,,,,
logpv18ssq_pcr_copies_ml,,,,log10 pv18s copies per ml in PCR (before adjusted to a smaple level),,,,,,,,,,,,,,,,,,,,,,,,,,,,,,,,,
pv18ssq_pcr_copies_ml,,,,pv18s copies per ml in PCR (before adjusted to a smaple level),,,,,,,,,,,,,,,,,,,,,,,,,,,,,,,,,
pv18ssq_sample_copies_ml,,,,pv18s copies per ml in sample (after adjusted to sample level),,,,,,,,,,,,,,,,,,,,,,,,,,,,,,,,,
logpv18ssq_sample_copies_ml,,,,log10 pv18s copies per ml in sample(after adjusted to sample level),,,,,,,,,,,,,,,,,,,,,,,,,,,,,,,,,
pvs25ct,,,,Pvs25 Ct value,,,,,,,,,,,,,,,,,,,,,,,,,,,,,,,,,
logpvs25sq_pcr_copies_ml,,,,log10 pvs25 copies per ml in PCR (before adjusted to a smaple level),,,,,,,,,,,,,,,,,,,,,,,,,,,,,,,,,
pvs25sq_pcr_copies_ml,,,,pvs25 copies per ml in PCR (before adjusted to a smaple level),,,,,,,,,,,,,,,,,,,,,,,,,,,,,,,,,
pvs25sq_sample_copies_ml,,,,pvs25 copies per ml in sample (after adjusted to sample level),,,,,,,,,,,,,,,,,,,,,,,,,,,,,,,,,
logpvs25sq_sample_copies_ml,,,,log10 pvs25 copies per ml in sample (after adjusted to sample level),,,,,,,,,,,,,,,,,,,,,,,,,,,,,,,,,
pf18sct,,,,Pf 18s Ct value,,,,,,,,,,,,,,,,,,,,,,,,,,,,,,,,,
pf18ssq_pcr_copies_ml,,,,pf18s copies per ml in PCR (before adjusted to a smaple level),,,,,,,,,,,,,,,,,,,,,,,,,,,,,,,,,
pf18ssq_pcr_copies_ul,,,,pf18s copies per ul in PCR (before adjusted to a smaple level),,,,,,,,,,,,,,,,,,,,,,,,,,,,,,,,,
pf18ssq_sample_copies_ul,,,,pf18s copies per ul in sample (after adjusted to a sample level),,,,,,,,,,,,,,,,,,,,,,,,,,,,,,,,,
pf18ssq_sample_parasites_ul,,,,pf parasites per ul in sample,,,,,,,,,,,,,,,,,,,,,,,,,,,,,,,,,
pfmgetct,,,,PfMGET Ct value,,,,,,,,,,,,,,,,,,,,,,,,,,,,,,,,,
pfmgetsq_pcr_copies_ml,,,,pfmget copies per ml in PCR (before adjusted to a smaple level),,,,,,,,,,,,,,,,,,,,,,,,,,,,,,,,,
pfmgetsq_sample_copies_ml,,,,pfmget copies per ml in sample (after adjusted to a smple level),,,,,,,,,,,,,,,,,,,,,,,,,,,,,,,,,
pfmget_sample_gam_ml,,,,Pf male gametocytes per ml in sample (after adjustement to a smaple level),,,,,,,,,,,,,,,,,,,,,,,,,,,,,,,,,
ccp4ct,,,,Ccp4 Ct value,,,,,,,,,,,,,,,,,,,,,,,,,,,,,,,,,
ccp4sq_pcr_copies_ml,,,,ccp4 copies per ml in PCR ( before adjusted to a sample level),,,,,,,,,,,,,,,,,,,,,,,,,,,,,,,,,
ccp4sq_sample_copies_ml,,,,ccp4 copies per ml in sample (after adjusted to a sample level),,,,,,,,,,,,,,,,,,,,,,,,,,,,,,,,,
ccp4_sample_gam_ml,,,,Pf female gametocytes in sample (after adjusted to a sample level),,,,,,,,,,,,,,,,,,,,,,,,,,,,,,,,,
tba,,,,transmission blocking activity (TBA),,,,,,,,,,,,,,,,,,,,,,,,,,,,,,,,,
pv_status,,,,"pv status , pv=2",,,,,,,,,,,,,,,,,,,,,,,,,,,,,,,,,
pvceltos_od_d1,,,,pvceltos od dulicate 1,,,,,,,,,,,,,,,,,,,,,,,,,,,,,,,,,
pvceltos_od_d2,,,,pvceltos od dulicate 2,,,,,,,,,,,,,,,,,,,,,,,,,,,,,,,,,
pvceltos_dil_elisa,,,,pvceltos sample dilution for elisa,,,,,,,,,,,,,,,,,,,,,,,,,,,,,,,,,
pvs230_od_d1_surafel,,,,pv230 od dulicate 1_surafel,,,,,,,,,,,,,,,,,,,,,,,,,,,,,,,,,
pvs230_od_d2_surafel,,,,pv230 od dulicate 2_surafel,,,,,,,,,,,,,,,,,,,,,,,,,,,,,,,,,
pvs230_dil_elisa_surafel,,,,pv230 sample dilution for elisa,,,,,,,,,,,,,,,,,,,,,,,,,,,,,,,,,
pvs230_od_d1_karina,,,,pv230 od dulicate 1_karina,,,,,,,,,,,,,,,,,,,,,,,,,,,,,,,,,
pvs230_od_d2_karina,,,,pv230 od dulicate 2_karina,,,,,,,,,,,,,,,,,,,,,,,,,,,,,,,,,
pvs230_dil_elisa_karina,,,,pv230 sample dilution for elisa,,,,,,,,,,,,,,,,,,,,,,,,,,,,,,,,,
pvs47_od_d1,,,,pvs47 od duplicate 1,,,,,,,,,,,,,,,,,,,,,,,,,,,,,,,,,
pvs47_od_d2,,,,pvs47 od duplicate 2,,,,,,,,,,,,,,,,,,,,,,,,,,,,,,,,,
pvs47_dil_elisa,,,,pv247 sample dilution for elisa,,,,,,,,,,,,,,,,,,,,,,,,,,,,,,,,,
pvs4845_od_d1,,,,pv4845 od duplicate 1,,,,,,,,,,,,,,,,,,,,,,,,,,,,,,,,,
pvs4845_od_d2,,,,pv4845 od duplicate 2,,,,,,,,,,,,,,,,,,,,,,,,,,,,,,,,,
pvs4845_dil_elisa,,,,pv4845 sample dilution for elisa,,,,,,,,,,,,,,,,,,,,,,,,,,,,,,,,,
pvs25_od_d1,,,,pvs25 od duplicate 1,,,,,,,,,,,,,,,,,,,,,,,,,,,,,,,,,
pvs25_od_d2,,,,pvs25 od duplicate 2,,,,,,,,,,,,,,,,,,,,,,,,,,,,,,,,,
pvs25_dil_elisa,,,,pvs25 sample dilution for elisa,,,,,,,,,,,,,,,,,,,,,,,,,,,,,,,,,
,,,,,,,,,,,,,,,,,,,,,,,,,,,,,,,,,,,,,
,,,,,,,,,,,,,,,,,,,,,,,,,,,,,,,,,,,,,
,,,,,,,,,,,,,,,,,,,,,,,,,,,,,,,,,,,,,
,,,,,,,,,,,,,,,,,,,,,,,,,,,,,,,,,,,,,
,,,,,,,,,,,,,,,,,,,,,,,,,,,,,,,,,,,,,
,,,,,,,,,,,,,,,,,,,,,,,,,,,,,,,,,,,,,
,,,,,,,,,,,,,,,,,,,,,,,,,,,,,,,,,,,,,
,,,,,,,,,,,,,,,,,,,,,,,,,,,,,,,,,,,,,
,,,,,,,,,,,,,,,,,,,,,,,,,,,,,,,,,,,,,
