id,sex,sexl,age,tem,hb_gdl,currfever,country,casetype,srstat,mic_result,mic_result_l,asexpar_ul_mic,logasexpar_ul_mic,gam_ul_mic,loggam_ul_mic,totpar_ul,logtotpar_ul,infstat,site,fdate,pmosq_wb,pmosq_sr,totocyburden_sr,totocyburden_wb,mnoocyst_infmosq_wb,mnoocyst_infmosq_sr,r_value,pdiff_wb_sr,pdiff_sr_wb,pcr_r,pv18sct,logpv18ssq_pcr_copies_ml,pv18ssq_pcr_copies_ml,pv18ssq_sample_copies_ml,logpv18ssq_sample_copies_ml,pvs25ct,logpvs25sq_pcr_copies_ml,pvs25sq_pcr_copies_ml,pvs25sq_sample_copies_ml,logpvs25sq_sample_copies_ml,pf18sct,pf18ssq_pcr_copies_ml,pf18ssq_pcr_copies_ul,pf18ssq_sample_copies_ul,pf18ssq_sample_parasites_ul,pfmgetct,pfmgetsq_pcr_copies_ml,pfmgetsq_sample_copies_ml,pfmget_sample_gam_ml,ccp4ct,ccp4sq_pcr_copies_ml,ccp4sq_sample_copies_ml,ccp4_sample_gam_ml,tba,pv_status,pvceltos_od_d1,pvceltos_od_d2,pvceltos_dil_elisa,pvs230_od_d1_surafel,pvs230_od_d2_surafel,pvs230_dil_elisa_surafel,pvs230_od_d1_karina,pvs230_od_d2_karina,pvs230_dil_elisa_karina,pvs47_od_d1,pvs47_od_d2,pvs47_dil_elisa,pvs4845_od_d1,pvs4845_od_d2,pvs4845_dil_elisa,pvs25_od_d1,pvs25_od_d2,pvs25_dil_elisa,_merge
SR01,M,1,7,36.6,12.6,0,0,1,Yes,pfpv,3,22604.02685,4.354185814,1381.294964,3.140286428,23985.32181,4.37994555,1,Arba Minch,"Thursday, 5 March 2020",80,100,1009,489,20.375,33.63333333,0.39420218,-20,20,2,25.53,6.056523724,1139000,342042.042,5.534079491,23.29,4.690993032,49090,40536.74649,4.607848889,,,,,,,,,,,,,,39.42021942,2,0.494,0.521,200,0.119,0.124,200,0.272,0.185,200,0.115,0.134,200,0.112,0.118,200,0.106,0.113,200,matched (3)
SR02,M,1,40,36.7,12.8,0,0,1,Yes,pv,2,6680,3.824776462,858.5365854,2.933758807,7538.536585,3.877287047,1,Arba Minch,"Thursday, 5 March 2020",93.33333333,100,2160,546,19.5,72,0.729166667,-6.666666667,6.666666667,2,22.56,6.995898324,9906000,2974774.775,6.47345409,18.4,6.195346058,1568000,1294797.688,6.112201915,,,,,,,,,,,,,,72.91666412,2,0.579,0.573,200,0.569,0.512,200,0.278,0.299,200,0.405,0.413,200,0.216,0.23,200,0.127,0.127,200,matched (3)
SR03,F,0,17,37.7,13.7,1,0,1,Yes,pv,2,970.8737864,2.987162775,152.3809524,2.182930684,1123.254739,3.050478259,1,Arba Minch,"Friday, 6 March 2020",87.5,100,3491,2737,97.75,116.3666667,0.159982813,-12.5,12.5,2,23.25,6.777934049,5997000,1800900.901,6.255489815,17.79,6.3818368,2409000,1989265.07,6.298692657,,,,,,,,,,,,,,15.99828148,2,0.898,0.888,200,0.648,0.634,200,0.333,0.36,200,0.341,0.337,200,0.305,0.327,200,0.16,0.184,200,matched (3)
SR04,M,1,32,38.2,13.2,1,0,1,Yes,pv,2,21490.19608,4.332240378,2000,3.301029996,23490.19608,4.370886642,1,Arba Minch,"Friday, 6 March 2020",80,100,1007,96,4,32.48387097,0.876861966,-20,20,2,29.28,4.869290404,74010,22225.22523,4.346846171,21.19,5.338854746,218200,180181.668,5.255710603,,,,,,,,,,,,,,87.68619537,2,1.154,1.153,200,0.746,0.744,200,0.332,0.358,200,0.3,0.331,200,0.348,0.303,200,0.255,0.24,200,matched (3)
SR05,F,0,23,40,11.5,1,0,1,Yes,pv,2,9880,3.994756945,1320,3.120573931,11200,4.049218023,1,Arba Minch,"Friday, 6 March 2020",43.33333333,66.66666667,67,32,2.461538462,3.35,0.2652124,-23.33333333,23.33333333,2,21.93,7.195622944,15690000,4711711.712,6.67317871,22.09,5.060320029,114900,94880.26424,4.977175886,,,,,,,,,,,,,,26.52124023,2,0.398,0.347,200,0.194,0.171,200,0.39,0.405,200,0.391,0.418,200,0.321,0.394,200,0.265,0.194,200,matched (3)
SR06,M,1,15,36.7,14.1,0,0,1,Yes,pfpv,3,4880,3.688419822,0,,4880,3.688419822,0,Arba Minch,"Friday, 6 March 2020",0,0,0,0,0,0,,,,3,28.04,5.26245109,183000,54954.95495,4.740006856,24.88,4.201943063,15920,13146.1602,4.11879892,21.58,184100,184.1,55.78787879,18.5959596,,,,,,,,,,,1.141,1.067,200,0.489,0.441,200,0.339,0.334,200,0.284,0.327,200,0.842,0.921,200,0.202,0.274,200,matched (3)
SR07,F,0,11,39.8,8.3,1,0,1,Yes,pfpv,3,2971.428571,3.472965295,114.2857143,2.057991947,3085.714286,3.489355711,1,Arba Minch,"Monday, 9 March 2020",18.75,50,58,10,1.666666667,3.866666667,0.568965517,-31.25,31.25,3,18.56,8.261500773,182600000,54834834.83,7.73905654,17.05,6.609274172,4067000,3358381.503,6.526130029,29.21,873.4,0.8734,0.264666667,0.088222222,,,,,,,,,56.89655304,,0.379,0.398,200,0.388,0.403,200,0.31,0.232,200,0.374,0.333,200,0.378,0.275,200,0.155,0.135,200,matched (3)
SR08,M,1,10,39,9,1,0,1,Yes,pv,2,114.2857143,2.057991947,0,,114.2857143,2.057991947,0,Arba Minch,"Monday, 9 March 2020",0,0,0,0,0,0,,,,2,21.84,7.223755454,16740000,5027027.027,6.70131122,31.77,6.609274172,4067000,3358381.503,6.526130029,,,,,,,,,,,,,,,2,0.319,0.339,200,0.343,0.364,200,0.262,0.236,200,0.356,0.296,200,0.366,0.351,200,0.145,0.131,200,matched (3)
SR09,M,1,17,36.8,13.2,0,0,1,Yes,pv,2,4555.023923,3.658490662,191.3875598,2.281913705,4746.411483,3.676365386,0,Arba Minch,"Monday, 9 March 2020",0,0,0,0,0,0,,,,2,22.17,7.119585775,13170000,3954954.955,6.597141541,19.01,6.006893708,1016000,838976.0528,5.923749565,,,,,,,,,,,,,,,2,0.284,0.308,200,0.252,0.28,200,0.29,0.251,200,0.22,0.178,200,0.208,0.172,200,0.144,0.161,200,matched (3)
SR10,M,1,32,35.4,16.2,0,0,1,Yes,neg,0,0,,0,,0,,0,Arba Minch,"Tuesday, 10 March 2020",0,0,0,0,0,0,,,,0,,,,,,,,,,,,,,,,,,,,,,,,,,0.867,0.8,200,0.883,0.781,200,0.347,0.363,200,0.245,0.248,200,0.218,0.224,200,0.258,0.266,200,matched (3)
SR11,F,0,19,36.8,13.7,0,0,1,Yes,neg,0,0,,0,,0,,0,Arba Minch,"Tuesday, 10 March 2020",0,0,0,0,0,0,,,,0,,,,,,,,,,,,,,,,,,,,,,,,,,0.105,0.102,200,0.105,0.105,200,0.069,0.08,200,0.071,0.062,200,0.128,0.14,200,0.061,0.061,200,matched (3)
SR12,F,0,27,37.5,12.6,1,0,1,Yes,pv,2,10400,4.017033339,181.8181818,2.259637311,10581.81818,4.024560295,1,Arba Minch,"Tuesday, 10 March 2020",53.33333333,93.33333333,872,203,12.6875,31.14285714,0.592603211,-40,40,2,28.5,5.118264726,131300,39429.42943,4.595820493,22.22,5.020361283,104800,86540.04955,4.93721714,,,,,,,,,,,,,,59.26032257,2,0.428,0.483,200,1.434,1.503,200,1.305,1.289,200,0.203,0.233,200,0.729,0.79,200,0.159,0.187,200,matched (3)
SR13,F,0,18,39.5,13.7,1,0,1,Yes,pv,2,4251.207729,3.628512327,463.7681159,2.666300888,4714.975845,3.673479472,1,Arba Minch,"Tuesday, 10 March 2020",83.33333333,100,1400,194,7.76,46.66666667,0.833714286,-16.66666667,16.66666667,2,21.06,7.470557485,29550000,8873873.874,6.948113252,19.65,5.811239773,647500,534682.0809,5.72809563,,,,,,,,,,,,,,83.37142944,2,0.192,0.192,200,0.145,0.14,200,0.111,0.14,200,0.16,0.165,200,0.155,0.155,200,0.15,0.138,200,matched (3)
SR14,M,1,28,38,15.6,1,0,1,Yes,pv,2,8200,3.913813852,200,2.301029996,8400,3.924279286,1,Arba Minch,"Wednesday, 11 March 2020",86.66666667,96.66666667,2480,636,24.46153846,85.51724138,0.713957816,-10,10,2,20.9,7.522835314,33330000,10009009.01,7.00039108,20.38,5.586474779,385900,318662.2626,5.503330635,,,,,,,,,,,,,,71.39578247,2,0.209,0.175,200,0.27,0.242,200,0.197,0.189,200,0.772,0.78,200,0.519,0.638,200,0.113,0.11,200,matched (3)
SR15,M,1,23,38.4,16.9,1,0,1,Yes,pv,2,6169.154229,3.790225628,720,2.857332496,6889.154229,3.838165907,1,Arba Minch,"Wednesday, 11 March 2020",3.333333333,63.33333333,46,1,1,2.421052632,0.586956522,-60,60,2,23.03,6.846337112,7020000,2108108.108,6.323892879,23.46,4.638489257,43500,35920.72667,4.555345114,,,,,,,,,,,,,,58.69565201,2,0.139,0.138,200,0.137,0.133,200,0.13,0.13,200,0.266,0.284,200,0.526,0.451,200,0.095,0.094,200,matched (3)
SR16,F,0,32,36.4,13.7,0,0,1,Yes,pf,1,2080,3.318063335,0,,2080,3.318063335,0,Arba Minch,"Tuesday, 17 March 2020",0,0,0,0,0,0,,0,0,0,,,,,,,,,,,,,,,,,,,,,,,,,,1.024,0.919,200,0.361,0.312,200,0.223,0.26,200,0.414,0.437,200,0.381,0.324,200,0.193,0.206,200,matched (3)
SR17,M,1,15,35.1,16.1,0,0,1,Yes,pv,2,6470.588235,3.810943764,117.6470588,2.070581074,6588.235294,3.818769101,1,Arba Minch,"Tuesday, 17 March 2020",83.33333333,93.33333333,1142,174,6.96,40.78571429,0.829352014,-10,10,0,,,,,,,,,,,,,,,,,,,,,,,,82.93520355,,0.985,0.835,200,0.361,0.312,200,0.577,0.717,200,0.751,0.796,200,0.684,0.925,200,0.441,0.36,200,matched (3)
SR18,M,1,21,38.8,14.6,1,0,1,Yes,neg,0,0,,0,,0,,0,Arba Minch,"Thursday, 19 March 2020",0,0,0,0,0,0,,,,0,,,,,,,,,,,,,,,,,,,,,,,,,,1.264,1.253,200,0.534,0.485,200,0.061,0.23,200,0.053,0.201,200,0.065,0.274,200,0.048,0.107,200,matched (3)
SR19,M,1,25,37.8,11,1,0,1,Yes,pf,1,39,1.591064607,98,1.991226076,137,2.136720567,1,Arba Minch,"Friday, 8 January 2021",5.882352941,66.66666667,169,5,5,12.07142857,0.585798817,-60.78431373,60.78431373,1,,,,,,,,,,,24.31,8704000,8704,5221.355729,1044.271146,24.91,1173000,703659.2681,50261.3763,26.56,2570000,1541691.662,81141.6664,58.57987976,,1.162,1.581,200,0.694,0.702,200,0.32,0.408,200,0.738,0.686,200,1.818,1.753,200,0.315,0.322,200,matched (3)
SR20,M,1,8,36.4,12.6,0,0,1,Yes,pfpv,3,15098.03922,4.178920549,0,,15098.03922,4.178920549,1,Arba Minch,"Friday, 8 January 2021",93.5483871,86.66666667,2600,1850,63.79310345,100,0.362068966,6.88172043,-6.88172043,2,23.53,5.811469534,647842.6472,388627.8628,5.589533934,17.87,8.112696997,129627455.7,56765472.48,7.754084257,,,,,,,,,,,,,,36.20689774,2,0.29,0.196,200,0.151,0.119,200,0.321,0.325,200,0.806,0.778,200,0.675,0.685,200,0.431,0.462,200,matched (3)
SR21,F,0,25,38.5,13.8,1,0,1,Yes,pv,2,,,,,,,1,Arba Minch,"Saturday, 9 January 2021",72,85.18518519,2079,580,32.22222222,90.39130435,0.643525199,-13.18518519,13.18518519,2,22.81,6.06953405,1173637.696,704041.8093,5.84759845,17.65,8.178114778,150700529.6,65993633.23,7.819502039,,,,,,,,,,,,,,64.35251617,2,0.626,0.557,200,0.681,0.627,200,0.188,0.194,200,0.34,0.313,200,0.459,0.445,200,0.248,0.22,200,matched (3)
SR22,F,0,26,37.7,12.2,1,0,1,Yes,pv,2,5240,3.719331287,0,,5240,3.719331287,1,Arba Minch,"Friday, 15 January 2021",33.33333333,67.85714286,1101,227,25.22222222,57.94736842,0.564739126,-34.52380952,34.52380952,2,22.09,6.327598566,2126172.841,1275448.615,6.105662966,17.94,8.091882248,123561237.1,54109000.07,7.733269508,,,,,,,,,,,,,,56.47391129,2,0.26,0.246,200,0.263,0.241,200,0.113,0.152,200,0.34,0.38,200,0.347,0.348,200,0.142,0.15,200,matched (3)
SR23,F,0,18,36.9,12.2,0,0,1,Yes,pv,2,1436,3.15715444,0,,1436,3.15715444,1,Arba Minch,"Thursday, 4 February 2021",53.33333333,81.25,2169,486,30.375,83.42307692,0.635892116,-27.91666667,27.91666667,2,23.42,5.850896057,709407.9602,425559.6642,5.628960458,15.96,8.680642284,479338468.2,209908267.4,8.322029544,,,,,,,,,,,,,,63.58921051,2,0.651,0.696,200,0.618,0.582,200,0.188,0.214,200,0.521,0.535,200,0.485,0.493,200,0.291,0.292,200,matched (3)
SR24,F,0,13,37.1,12.4,0,0,1,Yes,pfpv,3,582,2.764922985,0,,582,2.764922985,1,Arba Minch,"Friday, 5 February 2021",64.51612903,80.64516129,1364,274,13.7,54.56,0.748900293,-16.12903226,16.12903226,2,25.67,5.044444444,110775.6851,66452.12061,4.822508845,18.01,8.071067499,117778901.5,51576843.47,7.71245476,,,,,,,,,,,,,,74.89002991,2,0.563,0.575,200,0.421,0.538,200,0.207,0.164,200,0.208,0.219,200,0.238,0.27,200,0.138,0.141,200,matched (3)
SR25,M,1,14,38.8,13.4,1,0,1,Yes,pv,2,,,,,,,0,Arba Minch,"Friday, 5 February 2021",0,0,0,0,0,0,,,,2,24.58,5.435125448,272348.7887,163376.5979,5.213189848,15.55,8.802557241,634683547.6,277935806.7,8.443944501,,,,,,,,,,,,,,,2,0.342,0.34,200,0.118,0.136,200,0.074,0.111,200,0.185,0.188,200,0.125,0.123,200,0.082,0.081,200,matched (3)
SR26,M,1,14,38.6,,1,0,1,Yes,pfpv,3,13517,4.130880314,0,,13517,4.130880314,1,Arba Minch,"Tuesday, 9 February 2021",0,19.35483871,24,0,0,4,1,-19.35483871,19.35483871,2,22.27,6.263082437,1832662.263,1099377.482,6.041146837,16.01,8.665774606,463206458.4,202843860,8.307161866,,,,,,,,,,,,,,100,2,0.325,0.343,200,0.351,0.347,200,0.152,0.151,200,0.216,0.255,200,0.469,0.513,200,0.153,0.155,200,matched (3)
SR27,F,0,26,37.9,10.2,1,0,1,Yes,pv,2,520,2.716003344,0,,520,2.716003344,1,Arba Minch,"Wednesday, 10 February 2021",9.677419355,51.61290323,228,5,1.666666667,14.25,0.883040936,-41.93548387,41.93548387,2,23.49,5.825806452,669586.1341,401671.3462,5.603870852,17.78,8.139458817,137866521,60373461.51,7.780846077,,,,,,,,,,,,,,88.30409241,2,0.305,0.312,200,0.611,0.578,200,0.306,0.276,200,0.67,0.484,200,0.613,0.531,200,0.297,0.253,200,matched (3)
SR28,M,1,28,35.6,16.1,0,0,1,Yes,neg,0,0,,0,,0,,0,Arba Minch,"Wednesday, 10 February 2021",0,0,0,0,0,0,,,,0,,,,,,,,,,,,,,,,,,,,,,,,,,0.257,0.259,200,0.252,0.247,200,0.141,0.158,200,0.162,0.15,200,0.184,0.186,200,0.134,0.134,200,matched (3)
SR29,M,1,21,38.5,13.7,1,0,1,Yes,pf,1,9126,3.960280464,0,,9126,3.960280464,0,Arba Minch,"Thursday, 11 February 2021",0,0,0,0,0,0,,,,1,,,,,,,,,,,24.1,5964007.199,5964.007199,5964.007199,1192.80144,38.29,98.85,59.29814037,4.235581455,35.35,12860,7714.457109,406.0240583,,,0.407,0.368,200,0.311,0.298,200,0.142,0.13,200,0.796,0.786,200,0.272,0.248,200,0.173,0.156,200,matched (3)
SR30,F,0,25,39.1,12.7,1,0,1,Yes,pfpv,3,6400,3.806179974,0,,6400,3.806179974,1,Arba Minch,"Friday, 12 February 2021",35.48387097,47.61904762,102,33,3,10.2,0.705882353,-12.13517665,12.13517665,2,24.13,5.596415771,394835.1155,236853.6986,5.374480171,16.66,8.472494796,296821117.8,129981653.3,8.113882057,,,,,,,,,,,,,,70.58823395,2,0.214,0.216,200,0.162,0.183,200,0.16,0.17,200,0.214,0.217,200,0.224,0.22,200,0.107,0.106,200,matched (3)
SR31,F,0,17,39.1,15.3,1,0,1,Yes,neg,0,0,,0,,0,,0,Arba Minch,"Saturday, 13 February 2021",0,0,0,0,0,0,,,,0,,,,,,,,,,,,,,,,,,,,,,,,,,0.182,0.168,200,0.124,0.126,200,0.082,0.104,200,0.215,0.208,200,0.159,0.16,200,0.069,0.067,200,matched (3)
SR32,M,1,16,35.1,13.4,0,0,1,Yes,pfpv,3,4419,3.645324002,0,,4419,3.645324002,1,Arba Minch,"Saturday, 13 February 2021",3.225806452,0,0,1,1,0,,3.225806452,-3.225806452,2,22.49,6.184229391,1528373.119,916840.5032,5.962293791,14.81,9.02259887,1053413476,461302842.1,8.66398613,,,,,,,,,,,,,,,2,0.289,0.295,200,0.171,0.186,200,0.177,0.203,200,0.408,0.385,200,0.251,0.271,200,0.151,0.162,200,matched (3)
SR33,F,0,11,40,12,1,0,1,Yes,pfpv,3,4705,3.672559628,196,2.292256071,4901,3.690284703,1,Arba Minch,"Monday, 15 February 2021",41.93548387,60.60606061,1247,223,17.15384615,62.35,0.724878169,-18.67057674,18.67057674,2,22.15,6.30609319,2023453.32,1213829.226,6.08415759,16.02,8.66280107,460045800.3,201459768.6,8.304188331,,,,,,,,,,,,,,72.48781586,2,0.388,0.399,200,0.575,0.682,200,0.262,0.259,200,0.233,0.207,200,0.263,0.246,200,0.1,0.097,200,matched (3)
SR34,M,1,13,37,7.2,0,0,1,Yes,pv,2,6439,3.808818425,0,,6439,3.808818425,1,Arba Minch,"Monday, 15 February 2021",32.35294118,53.125,752,126,11.45454545,44.23529412,0.741054159,-20.77205882,20.77205882,2,23.32,5.886738351,770439.1639,462171.0641,5.664802751,16.17,8.618198037,415143304,181796407.9,8.259585298,,,,,,,,,,,,,,74.10541534,2,0.957,0.952,200,1.779,1.409,200,0.329,0.319,200,0.767,0.807,200,0.793,0.768,200,0.322,0.325,200,matched (3)
SR35,M,1,18,38.7,16.1,1,0,1,Yes,pfpv,3,1333,3.124830149,0,,1333,3.124830149,1,Arba Minch,"Saturday, 20 February 2021",46.875,61.29032258,237,70,4.666666667,12.47368421,0.625879044,-14.41532258,14.41532258,2,23.28,5.901075269,796297.347,477682.8716,5.679139669,17.78,8.139458817,137866521,60373461.51,7.780846077,,,,,,,,,,,,,,62.58790588,2,0.8,0.71,200,0.582,0.551,200,0.334,0.317,200,0.331,0.33,200,0.29,0.303,200,0.201,0.197,200,matched (3)
SR36,F,0,25,38.9,12.9,1,0,1,Yes,pv,2,2080,3.318063335,0,,2080,3.318063335,1,Arba Minch,"Saturday, 20 February 2021",25,37.5,105,13,1.625,8.75,0.814285714,-12.5,12.5,2,23.13,5.95483871,901236.3701,540633.6953,5.73290311,17.45,8.237585489,172816613,75678540.77,7.878972749,,,,,,,,,,,,,,81.42857361,2,0.149,0.134,200,0.452,0.407,200,0.238,0.244,200,0.431,0.439,200,0.291,0.276,200,0.162,0.162,200,matched (3)
SR37,F,0,35,37.8,13.2,1,0,1,Yes,pfpv,3,3582,3.554125582,0,,3582,3.554125582,1,Arba Minch,"Wednesday, 3 March 2021",70.96774194,83.87096774,749,506,23,28.80769231,0.201602136,-12.90322581,12.90322581,2,24.71,5.388530466,244641.6887,146755.6621,5.166594866,18.27,7.993755575,98572455.53,43166102.3,7.635142836,,,,,,,,,,,,,,20.16021347,2,0.209,0.205,200,0.601,0.501,200,0.316,0.321,200,0.169,0.17,200,0.184,0.161,200,0.094,0.093,200,matched (3)
SR38,F,0,20,38.3,13.2,1,0,1,Yes,pfpv,3,11832,4.073058161,0,,11832,4.073058161,1,Arba Minch,"Friday, 5 March 2021",0,32.25806452,40,0,0,4,1,-32.25806452,32.25806452,2,22.19,6.291756272,1957745.671,1174412.52,6.069820673,15.58,8.793636634,621779836,272285111.1,8.435023894,,,,,,,,,,,,,,100,2,0.499,0.54,200,0.527,0.539,200,0.713,0.74,200,1.013,1.12,200,0.871,0.807,200,0.601,0.603,200,matched (3)
SR39,M,1,20,37,14,0,0,1,Yes,pfpv,3,3883,3.589167391,0,,3883,3.589167391,1,Arba Minch,"Friday, 5 March 2021",53.33333333,73.33333333,1602,951,59.4375,72.81818182,0.183754682,-20,20,2,24.35,5.517562724,329278.0067,197527.2985,5.295627124,18.13,8.035385073,108488841.8,47508610.99,7.676772333,,,,,,,,,,,,,,18.3754673,2,0.419,0.363,200,0.463,0.365,200,0.241,0.193,200,0.236,0.236,200,0.174,0.178,200,0.122,0.136,200,matched (3)
SR40,F,0,23,38.8,13.5,1,0,1,Yes,pfpv,3,8156,3.911477217,0,,8156,3.911477217,1,Arba Minch,"Wednesday, 10 March 2021",0,3.225806452,1,0,0,1,1,-3.225806452,3.225806452,2,22.82,6.065949821,1163991.532,698255.2681,5.844014221,15.92,8.692536426,492647661.7,215736528.5,8.333923686,,,,,,,,,,,,,,100,2,0.423,0.421,200,0.473,0.508,200,0.204,0.22,200,1.047,1.078,200,0.491,0.523,200,0.21,0.206,200,matched (3)
SR41,M,1,17,38.3,12.5,1,0,1,Yes,pfpv,3,15578,4.1925117,0,,15578,4.1925117,1,Arba Minch,"Wednesday, 31 March 2021",26.92307692,70.37037037,102,9,1.285714286,5.368421053,0.760504202,-43.44729345,43.44729345,2,22.9,6.037275986,1089622.307,653642.6557,5.815340386,14.04,9.251561106,1784683080,781534881.9,8.892948366,,,,,,,,,,,,,,76.05042267,2,0.276,0.278,200,0.222,0.337,200,0.297,0.307,200,0.438,0.383,200,0.865,0.795,200,0.282,0.305,200,matched (3)
SR42,M,1,13,36.9,10.2,0,0,1,Yes,pfpv,3,1722,3.236033147,0,,1722,3.236033147,1,Arba Minch,"Thursday, 1 April 2021",0,17.85714286,15,0,0,3,1,-17.85714286,17.85714286,2,28.35,4.083870968,12130.28397,7276.715038,3.861935368,20,7.479333928,30153236.09,13204476.51,7.120721188,,,,,,,,,,,,,,100,2,0.54,0.469,200,0.256,0.249,200,0.152,0.143,200,0.286,0.272,200,0.369,0.314,200,0.155,0.146,200,matched (3)
SR43,F,0,20,38,12.2,1,0,1,Yes,pf,1,355,2.550228353,0,,355,2.550228353,1,Arba Minch,"Monday, 5 April 2021",3.125,0,0,1,1,0,,3.125,-3.125,1,,,,,,,,,,,26.05,2962000,2962,1776.844631,355.3689262,26.35,428400,256988.6023,18356.32873,27.32,1620000,971805.6389,51147.6652,,,1.043,0.862,200,0.443,0.441,200,0.28,0.236,200,0.33,0.308,200,0.497,0.369,200,0.205,0.186,200,matched (3)
SR44,F,0,16,41,,1,0,1,Yes,pv,2,,,,,,,0,Arba Minch,"Monday, 5 April 2021",0,0,0,0,0,0,,,,2,27.25,4.478136201,30070.19197,18038.50748,4.256200601,18.72,7.859946476,72434668.41,31720040.76,7.501333737,,,,,,,,,,,,,,,2,0.468,0.511,200,0.29,0.284,200,0.24,0.201,200,0.366,0.332,200,0.243,0.185,200,0.167,0.15,200,matched (3)
SR45,M,1,8,37,13.5,0,0,1,Yes,pfpv,3,2384,3.377306251,0,,2384,3.377306251,1,Arba Minch,"Wednesday, 7 April 2021",22.58064516,64.51612903,364,14,2,18.2,0.89010989,-41.93548387,41.93548387,2,26.85,4.621505376,41831.68672,25093.99323,4.399569777,18.85,7.821290514,66265963.11,29018688.11,7.462677775,,,,,,,,,,,,,,89.01098633,2,0.162,0.171,200,0.201,0.184,200,0.224,0.141,200,0.569,0.663,200,0.159,0.152,200,0.092,0.092,200,matched (3)
SR46,F,0,30,37,15.5,0,0,1,Yes,pfpv,3,1224,3.087781418,0,,1224,3.087781418,1,Arba Minch,"Thursday, 8 April 2021",54.83870968,56.25,545,351,20.64705882,30.27777778,0.318078791,-1.411290323,1.411290323,2,27.58,4.359856631,22901.11517,13737.92152,4.137921031,19.69,7.57151353,37283229.96,16326789.37,7.21290079,,,,,,,,,,,,,,31.80787849,2,0.299,0.349,200,0.276,0.286,200,0.195,0.118,200,0.179,0.218,200,0.14,0.139,200,0.084,0.079,200,matched (3)
SR47,M,1,18,38.8,15.4,1,0,1,Yes,pfpv,3,4784,3.679791171,0,,4784,3.679791171,1,Arba Minch,"Thursday, 8 April 2021",6.451612903,51.61290323,43,3,1.5,2.6875,0.441860465,-45.16129032,45.16129032,2,25.68,5.040860215,109865.2163,65905.94859,4.818924615,17.04,8.359500446,228823406.2,100204611,8.000887706,,,,,,,,,,,,,,44.1860466,2,0.351,0.361,200,0.496,0.475,200,0.573,0.63,200,0.789,0.828,200,0.717,0.686,200,0.446,0.419,200,matched (3)
SR48,M,1,30,35.8,16.3,0,0,1,Yes,pv,2,1377,3.13893394,0,,1377,3.13893394,1,Arba Minch,"Saturday, 10 April 2021",57.57575758,80.64516129,411,252,13.26315789,16.44,0.193238571,-23.06940371,23.06940371,2,28.45,4.048028674,11169.3699,6700.281883,3.826093074,20.68,7.277133512,18929254.56,8289355.628,6.918520772,,,,,,,,,,,,,,19.32385635,2,0.298,0.288,200,0.132,0.134,200,0.088,0.073,200,0.116,0.117,200,0.109,0.106,200,0.072,0.069,200,matched (3)
SR49,M,1,61,38.5,16.5,1,0,1,Yes,pfpv,3,6174,3.790566625,0,,6174,3.790566625,1,Arba Minch,"Tuesday, 13 April 2021",40.625,36.36363636,740,267,20.53846154,61.66666667,0.666943867,4.261363636,-4.261363636,2,26.4,4.782795699,60645.09754,36379.78257,4.560860099,17.95,8.088908712,122718125.4,53739790.96,7.730295973,,,,,,,,,,,,,,66.69438934,2,0.593,0.591,200,0.257,0.256,200,0.087,0.095,200,0.415,0.425,200,0.147,0.126,200,0.099,0.094,200,matched (3)
SR50,F,0,8,36.6,12.9,0,0,1,Yes,pv,2,2038,3.30920418,0,,2038,3.30920418,1,Arba Minch,"Thursday, 15 April 2021",47.05882353,78.125,109,54,3.375,4.36,0.225917431,-31.06617647,31.06617647,2,28.49,4.033691756,10806.66668,6482.703466,3.811756156,21.44,7.051144811,11249800.25,4926427.223,6.692532071,,,,,,,,,,,,,,22.59174347,2,0.177,0.169,200,0.132,0.164,200,0.079,0.101,200,0.132,0.13,200,0.116,0.135,200,0.063,0.066,200,matched (3)
SR51,M,1,20,39.3,14.1,1,0,1,Yes,pv,2,3314,3.520352504,0,,3314,3.520352504,1,Arba Minch,"Tuesday, 10 November 2020",46.66666667,76.66666667,557,59,4.214285714,24.2173913,0.825981021,-30,30,2,22.77,6.083870968,1213028.397,727671.5038,5.861935368,16.97,8.380315195,240057453.5,105124139.8,8.021702455,,,,,,,,,,,,,,82.59809875,2,1.841,1.875,200,0.494,0.498,200,0.416,0.455,200,0.411,0.447,200,0.704,0.691,200,0.159,0.166,200,matched (3)
SR52,F,0,30,38.8,11.6,1,0,1,Yes,pfpv,3,6226,3.794209116,0,,6226,3.794209116,1,Arba Minch,"Wednesday, 11 November 2020",75,100,816,166,6.916666667,25.5,0.72875817,-25,25,2,26.83,4.628673835,42527.88992,25511.63163,4.406738235,20.06,7.461492715,28939612.71,12673015.77,7.102879975,,,,,,,,,,,,,,72.87581635,2,0.307,0.332,200,0.289,0.289,200,0.192,0.216,200,0.21,0.228,200,0.204,0.214,200,0.166,0.159,200,matched (3)
SR53,M,1,20,,14.8,,0,1,Yes,pv,2,597,2.775974331,0,,597,2.775974331,1,Arba Minch,"Wednesday, 11 November 2020",0,3.125,1,0,0,1,1,-3.125,3.125,2,28.28,4.108960573,12851.69983,7709.478003,3.887024974,23.36,6.480225989,3021523.586,1323162.698,6.121613249,,,,,,,,,,,,,,100,2,0.689,0.681,200,0.387,0.398,200,0.242,0.28,200,0.284,0.293,200,0.423,0.417,200,0.145,0.16,200,matched (3)
SR54,M,1,8,37.9,11.3,1,0,1,Yes,pfpv,3,17600,4.245512668,240,2.380211242,17840,4.25139485,1,Arba Minch,"Friday, 13 November 2020",71.875,93.75,3496,885,38.47826087,116.5333333,0.669808974,-21.875,21.875,2,21.59,6.506810036,3212255.163,1926967.704,6.284874436,16.08,8.644959857,441529634,193351309.4,8.286347118,,,,,,,,,,,,,,66.980896,2,0.237,0.24,200,0.181,0.13,200,0.217,0.262,200,0.129,0.164,200,0.14,0.159,200,0.087,0.093,200,matched (3)
SR55,M,1,25,35.8,14.8,0,0,1,Yes,pf,1,405,2.607455023,0,,405,2.607455023,0,Arba Minch,"Monday, 16 November 2020",0,0,0,0,0,0,,,,1,,,,,,,,,,,28.95,488000,488,292.7414517,58.54829034,,,,,,,,,,,0.308,0.284,200,0.145,0.14,200,0.288,0.196,200,0.292,0.326,200,0.545,0.576,200,0.196,0.176,200,matched (3)
SR56,M,1,9,36.4,9.8,0,0,1,Yes,pf,1,0,,444,2.64738297,444,2.64738297,1,Arba Minch,"Monday, 16 November 2020",10,68.75,453,8,2.666666667,20.59090909,0.87049301,-58.75,58.75,1,,,,,,,,,,,28.8,534400,534.4,320.5758848,64.11517696,22.27,7471000,4481703.659,320121.6899,24.89,7014000,4207558.488,221450.4468,87.04930115,,1.637,1.779,200,0.982,1.013,200,0.767,0.642,200,1.031,0.964,200,1.477,1.479,200,0.533,0.375,200,matched (3)
SR57,M,1,20,36.3,10.9,0,0,1,Yes,pv,2,2512,3.400019635,0,,2512,3.400019635,1,Arba Minch,"Friday, 20 November 2020",43.75,66.66666667,1607,179,12.78571429,80.35,0.840874744,-22.91666667,22.91666667,2,25.73,5.022939068,105423.8975,63241.69018,4.801003468,17.9,8.10377639,126992007.9,55611377.2,7.74516365,,,,,,,,,,,,,,84.08747101,2,0.855,0.865,200,0.375,0.38,200,0.598,0.578,200,0.612,0.557,200,0.502,0.494,200,0.449,0.414,200,matched (3)
SR58,F,0,18,36.8,12.1,0,0,1,Yes,pv,2,788,2.896526217,0,,788,2.896526217,1,Arba Minch,"Monday, 11 January 2021",33.33333333,88.46153846,644,47,15.66666667,28,0.44047619,-55.12820513,55.12820513,2,25.34,5.162724014,145453.4459,87254.61659,4.940788415,18.19,8.01754386,104122325.6,45596459.32,7.65893112,,,,,,,,,,,,,,44.04761887,2,0.161,0.169,200,0.201,0.193,200,0.161,0.188,200,0.186,0.212,200,1.662,1.754,200,0.123,0.125,200,matched (3)
SR59,F,0,17,35.5,13.5,0,0,1,Yes,pv,2,,,,,,,0,Arba Minch,"Friday, 16 April 2021",0,0,0,0,0,0,,,,2,25.39,5.144802867,139573.4673,83727.33491,4.922867268,15.25,8.891763307,779405213.6,341311221.3,8.533150567,,,,,,,,,,,,,,,2,0.544,0.57,200,1.302,1.298,200,0.298,0.204,200,0.434,0.388,200,0.211,0.223,200,0.174,0.18,200,matched (3)
SR60,M,1,14,37,13.7,0,0,1,Yes,pfpv,3,9773,3.990027899,0,,9773,3.990027899,1,Arba Minch,"Tuesday, 20 April 2021",16.12903226,26.66666667,26,5,1,3.25,0.692307692,-10.53763441,10.53763441,2,26.14,4.875985663,75159.80819,45086.86754,4.654050063,20.66,7.283080583,19190247.8,8403647.808,6.924467843,,,,,,,,,,,,,,69.2307663,2,2.344,2.081,200,0.403,0.318,200,0.9,0.793,200,0.393,0.406,200,0.832,0.836,200,0.729,0.707,200,matched (3)
SR61,F,0,24,39.8,10.7,1,0,1,Yes,pfpv,3,5573,3.746089043,0,,5573,3.746089043,1,Arba Minch,"Wednesday, 21 April 2021",54.54545455,42.42424242,369,741,41.16666667,26.35714286,-0.561878952,12.12121212,-12.12121212,2,23.17,5.940501792,871970.4995,523077.6841,5.718566192,15.32,8.870948558,742931132.5,325338768.3,8.512335818,,,,,,,,,,,,,,-56.18789673,2,2.545,2.617,200,1.237,1.174,200,0.668,0.645,200,0.362,0.377,200,0.776,0.762,200,0.719,0.719,200,matched (3)
SR62,F,0,20,37.4,11.9,0,0,1,Yes,pv,2,3507,3.544935766,354,2.549003262,3861,3.586699802,1,Arba Minch,"Monday, 17 May 2021",67.74193548,93.75,2269,633,30.14285714,75.63333333,0.601460681,-26.00806452,26.00806452,2,23.39,5.861648746,727191.4191,436227.6059,5.639713146,14.78,9.031519477,1075274822,470876196.7,8.672906737,,,,,,,,,,,,,,60.14606857,2,0.396,0.404,200,1.067,1.048,200,0.22,0.131,200,0.259,0.268,200,0.116,0.113,200,0.083,0.081,200,matched (3)
SR63,M,1,28,37,16,0,0,1,Yes,neg,0,0,,0,,0,,0,Arba Minch,"Monday, 17 May 2021",0,0,0,0,0,0,,,,0,,,,,,,,,,,,,,,,,,,,,,,,,,0.139,0.154,200,0.1,0.104,200,0.072,0.088,200,0.093,0.086,200,0.064,0.066,200,0.064,0.065,200,matched (3)
SR64,M,1,30,36.2,15.6,0,0,1,Yes,pf,1,19000,4.278753601,0,,19000,4.278753601,0,Arba Minch,"Tuesday, 18 May 2021",0,0,0,0,0,0,,,,1,,,,,,,,,,,23.6,13530000,13530,8116.376725,1623.275345,,,,,,,,,,,0.119,0.112,200,0.102,0.099,200,0.076,0.11,200,0.099,0.093,200,0.067,0.075,200,0.063,0.061,200,matched (3)
SR65,F,0,17,39.5,11.5,1,0,1,Yes,pv,2,3923,3.593618308,0,,3923,3.593618308,1,Arba Minch,"Wednesday, 19 May 2021",15.625,6.25,2,9,1.8,1,-0.8,9.375,-9.375,2,23.6,5.786379928,611476.7214,366812.6703,5.564444328,14.99,8.96907523,931269180.1,407814338,8.610462491,,,,,,,,,,,,,,-80,2,0.642,0.602,200,0.438,0.451,200,0.193,0.18,200,0.394,0.32,200,0.547,0.519,200,0.129,0.136,200,matched (3)
SR66,F,0,12,35.9,14.3,0,0,1,Yes,pf,1,2758,3.440594262,0,,2758,3.440594262,0,Arba Minch,"Wednesday, 19 May 2021",0,0,0,0,0,0,,,,1,,,,,,,,,,,22.88,21230000,21230,12735.45291,2547.090582,,,,,37.22,4151,2490.10198,131.0579989,,,0.253,0.268,200,0.12,0.12,200,0.089,0.086,200,0.114,0.105,200,0.123,0.126,200,0.085,0.091,200,matched (3)
SR67,F,0,62,35.7,12,0,0,1,Yes,pfpv,3,1153,3.061829307,0,,1153,3.061829307,1,Arba Minch,"Saturday, 22 May 2021",53.33333333,93.33333333,554,125,7.8125,19.78571429,0.605144404,-40,40,2,26.26,4.83297491,68073.00311,40835.63474,4.611039311,20.76,7.253345227,17920298.01,7847521.022,6.894732488,,,,,,,,,,,,,,60.51443863,2,0.379,0.383,200,0.243,0.253,200,0.202,0.168,200,0.235,0.236,200,0.155,0.156,200,0.163,0.165,200,matched (3)
SR68,F,0,8,39.3,8.6,1,0,1,Yes,pv,2,,,,,,,1,Arba Minch,"Saturday, 22 May 2021",6.25,6.451612903,6,2,1,3,0.666666667,-0.201612903,0.201612903,2,26.54,4.732616487,54027.70097,32410.13855,4.510680888,18.02,8.068093964,116975245.1,51224912.36,7.709481224,,,,,,,,,,,,,,66.66666412,2,0.438,0.503,200,0.213,0.311,200,0.188,0.208,200,0.335,0.363,200,0.21,0.23,200,0.133,0.149,200,matched (3)
SR69,M,1,8,37.9,14.7,1,0,1,Yes,pfpv,3,8976,3.953082844,0,,8976,3.953082844,1,Arba Minch,"Monday, 24 May 2021",86.66666667,87.5,2170,547,21.03846154,77.5,0.72853598,-0.833333333,0.833333333,2,25.31,5.173476703,149099.677,89441.91779,4.951541103,18.12,8.038358608,109234194,47835009.95,7.679745869,,,,,,,,,,,,,,72.85359955,2,0.198,0.177,200,0.148,0.137,200,0.125,0.139,200,0.152,0.151,200,0.263,0.276,200,0.102,0.112,200,matched (3)
Sero-041-R11,M,1,13,38.7,13.8,1,0,1,Yes,pfpv,3,,,,,,,0,Arba Minch,"Tuesday, 5 October 2021",0,0,0,0,0,0,,0,0,,,,,,,,,,,,,,,,,,,,,,,,,,,,,,,,,,,,,,,,,,,,,master only (1)
Sero-041-R14,M,1,13,38.1,13.4,1,0,1,Yes,pv,2,11783,4.071255878,0,,11783,4.071255878,1,Arba Minch,"Tuesday, 21 December 2021",10,70,1149,14,4.666666667,54.71428571,0.914708442,-60,60,,,,,,,,,,,,,,,,,,,,,,,,,91.47084045,2,,,,,,,,,,,,,,,,,,,master only (1)
Sero-048-R10,M,1,15,35.2,12.7,0,0,1,Yes,pv,2,4656,3.668012972,0,,4656,3.668012972,1,Arba Minch,"Tuesday, 14 September 2021",20,40,135,45,7.5,11.25,0.333333333,-20,20,,,,,,,,,,,,,,,,,,,,,,,,,33.33333206,2,,,,,,,,,,,,,,,,,,,master only (1)
Sero-057-R14,M,1,11,39.8,10.8,1,0,1,Yes,pfpv,3,,,,,,,1,Arba Minch,"Friday, 28 January 2022",0,10,4,0,0,1.333333333,1,-10,10,,,,,,,,,,,,,,,,,,,,,,,,,100,,,,,,,,,,,,,,,,,,,,master only (1)
Sero-061-R14,F,0,6,36.8,11.1,0,0,1,Yes,pv,2,16600,4.220108088,800,2.903089987,17400,4.240549248,1,Arba Minch,"Monday, 3 January 2022",60,90,8664,4894,271.8888889,320.8888889,0.152700831,-30,30,,,,,,,,,,,,,,,,,,,,,,,,,15.27008343,2,,,,,,,,,,,,,,,,,,,master only (1)
Sero-083-R12,M,1,16,36.5,14.9,0,0,1,Yes,pv,2,,,,,,,1,Arba Minch,"Wednesday, 29 September 2021",34.375,84.375,2974,696,63.27272727,110.1481481,0.425567036,-50,50,,,,,,,,,,,,,,,,,,,,,,,,,42.55670166,2,,,,,,,,,,,,,,,,,,,master only (1)
Sero-095-R15,M,1,11,36.2,13.4,0,0,1,Yes,pv,2,4487,3.65195607,234,2.369215857,4721,3.674034,1,Arba Minch,"Saturday, 8 January 2022",0,13.33333333,338,0,0,84.5,1,-13.33333333,13.33333333,,,,,,,,,,,,,,,,,,,,,,,,,100,2,,,,,,,,,,,,,,,,,,,master only (1)
Sero-105-R13,M,1,8,36.8,12.3,0,0,1,Yes,pv,2,,,,,,,1,Arba Minch,"Monday, 1 November 2021",45.16129032,61.29032258,1378,527,37.64285714,72.52631579,0.480976571,-16.12903226,16.12903226,,,,,,,,,,,,,,,,,,,,,,,,,48.09765625,2,,,,,,,,,,,,,,,,,,,master only (1)
Sero-105-R15,M,1,8,34.9,12.7,0,0,1,Yes,pv,2,10693,4.029099567,0,,10693,4.029099567,1,Arba Minch,"Monday, 13 December 2021",70,73.33333333,5319,4138,197.047619,241.7727273,0.184988227,-3.333333333,3.333333333,,,,,,,,,,,,,,,,,,,,,,,,,18.49882317,2,,,,,,,,,,,,,,,,,,,master only (1)
Sero-105-R17,M,1,8,39.3,12.2,1,0,1,Yes,pv,2,,,,,,,1,Arba Minch,"Wednesday, 16 February 2022",20,33.33333333,46,16,2.666666667,4.6,0.420289855,-13.33333333,13.33333333,,,,,,,,,,,,,,,,,,,,,,,,,42.02898407,2,,,,,,,,,,,,,,,,,,,master only (1)
Sero-107-R17,F,0,18,35.1,13.2,0,0,1,Yes,pv,2,,,,,,,1,Arba Minch,"Wednesday, 2 March 2022",13.33333333,26.66666667,201,21,5.25,25.125,0.791044776,-13.33333333,13.33333333,,,,,,,,,,,,,,,,,,,,,,,,,79.10447693,2,,,,,,,,,,,,,,,,,,,master only (1)
Sero-123-R13,M,1,30,35.8,12.6,0,0,1,Yes,pv,2,16871,4.227140825,0,,16871,4.227140825,1,Arba Minch,"Wednesday, 24 November 2021",46.42857143,73.33333333,4843,1061,81.61538462,220.1363636,0.629250782,-26.9047619,26.9047619,,,,,,,,,,,,,,,,,,,,,,,,,62.92507935,2,,,,,,,,,,,,,,,,,,,master only (1)
Sero-123-R16,M,1,30,35.2,14.3,0,0,1,Yes,pv,2,,,,,,,1,Arba Minch,"Tuesday, 15 February 2022",0,16.66666667,6,0,0,1.2,1,-16.66666667,16.66666667,,,,,,,,,,,,,,,,,,,,,,,,,100,2,,,,,,,,,,,,,,,,,,,master only (1)
Sero-131-R16,M,1,13,35.7,13.5,0,0,1,Yes,pv,2,,,,,,,1,Arba Minch,"Tuesday, 22 February 2022",31.03448276,66.66666667,970,33,3.666666667,48.5,0.924398625,-35.63218391,35.63218391,,,,,,,,,,,,,,,,,,,,,,,,,92.43986511,2,,,,,,,,,,,,,,,,,,,master only (1)
Sero-148-R13,M,1,19,38.8,13.4,1,0,1,Yes,pv,2,2241,3.350441857,0,,2241,3.350441857,1,Arba Minch,"Saturday, 8 January 2022",16.66666667,60,821,61,12.2,45.61111111,0.732521315,-43.33333333,43.33333333,,,,,,,,,,,,,,,,,,,,,,,,,73.2521286,2,,,,,,,,,,,,,,,,,,,master only (1)
Sero-161-R12,F,0,11,35.4,12.9,0,0,1,Yes,pfpv,3,32775,4.5155427,0,,32775,4.5155427,1,Arba Minch,"Wednesday, 1 December 2021",6.666666667,53.33333333,22,4,2,1.375,-0.454545455,-46.66666667,46.66666667,,,,,,,,,,,,,,,,,,,,,,,,,-45.45454407,,,,,,,,,,,,,,,,,,,,master only (1)
Sero-161-R14,F,0,11,40.2,12.6,1,0,1,Yes,pv,2,11169,4.048014291,270,2.431363764,11439,4.05838806,1,Arba Minch,"Monday, 3 January 2022",23.33333333,63.33333333,3258,304,43.42857143,171.4736842,0.746733316,-40,40,,,,,,,,,,,,,,,,,,,,,,,,,74.67333221,2,,,,,,,,,,,,,,,,,,,master only (1)
Sero-162-R09,M,1,8,38,13,1,0,1,Yes,pv,2,4271,3.630529571,0,,4271,3.630529571,1,Arba Minch,"Thursday, 9 September 2021",75,87.5,1354,466,19.41666667,48.35714286,0.598473658,-12.5,12.5,,,,,,,,,,,,,,,,,,,,,,,,,59.84736633,2,,,,,,,,,,,,,,,,,,,master only (1)
Sero-177-R10,M,1,6,37.7,11,1,0,1,Yes,pv,2,4910,3.691081492,0,,4910,3.691081492,0,Arba Minch,"Monday, 31 January 2022",0,0,0,0,0,0,,0,0,,,,,,,,,,,,,,,,,,,,,,,,,,2,,,,,,,,,,,,,,,,,,,master only (1)
Sero-182-R12,M,1,15,36.4,14.6,0,0,1,Yes,pv,2,16756,4.224170352,0,,16756,4.224170352,1,Arba Minch,"Tuesday, 14 December 2021",3.333333333,13.33333333,5,2,2,1.25,-0.6,-10,10,,,,,,,,,,,,,,,,,,,,,,,,,-60,2,,,,,,,,,,,,,,,,,,,master only (1)
Sero-183-R10,F,0,12,37.2,13.6,0,0,1,Yes,pv,2,,,,,,,1,Arba Minch,"Monday, 8 November 2021",77.41935484,74.19354839,2113,2037,84.875,91.86956522,0.076135826,3.225806452,-3.225806452,,,,,,,,,,,,,,,,,,,,,,,,,7.613582611,2,,,,,,,,,,,,,,,,,,,master only (1)
Sero-185-R12,M,1,12,36.4,13.4,0,0,1,Yes,pv,2,31950,4.504470862,0,,31950,4.504470862,1,Arba Minch,"Tuesday, 11 January 2022",68.75,70,1646,1175,53.40909091,78.38095238,0.318596046,-1.25,1.25,,,,,,,,,,,,,,,,,,,,,,,,,31.85960388,2,,,,,,,,,,,,,,,,,,,master only (1)
Sero-194-R12,M,1,13,37.7,13,1,0,1,Yes,pv,2,14376,4.157638064,0,,14376,4.157638064,1,Arba Minch,"Friday, 17 December 2021",6.451612903,0,0,2,1,0,,6.451612903,-6.451612903,,,,,,,,,,,,,,,,,,,,,,,,,,2,,,,,,,,,,,,,,,,,,,master only (1)
Sero-195-R11,M,1,10,36,11.8,0,0,1,Yes,pv,2,440,2.643452676,0,,440,2.643452676,0,Arba Minch,"Saturday, 22 January 2022",0,0,0,0,0,0,,0,0,,,,,,,,,,,,,,,,,,,,,,,,,,2,,,,,,,,,,,,,,,,,,,master only (1)
Sero-196-R07,M,1,14,38,12.2,1,0,1,Yes,pv,2,1037,3.015778756,0,,1037,3.015778756,1,Arba Minch,"Tuesday, 31 August 2021",35.29411765,80,403,26,2.166666667,16.79166667,0.870967742,-44.70588235,44.70588235,,,,,,,,,,,,,,,,,,,,,,,,,87.09677124,2,,,,,,,,,,,,,,,,,,,master only (1)
Sero-215-R05,M,1,11,37.1,12.9,0,0,1,Yes,pv,2,1600,3.204119983,0,,1600,3.204119983,1,Arba Minch,"Friday, 17 September 2021",43.33333333,53.33333333,1200,581,44.69230769,75,0.404102564,-10,10,,,,,,,,,,,,,,,,,,,,,,,,,40.41025543,2,,,,,,,,,,,,,,,,,,,master only (1)
Sero-215-R07,M,1,11,36.7,13.6,0,0,1,Yes,pv,2,1970,3.294466226,0,,1970,3.294466226,1,Arba Minch,"Saturday, 20 November 2021",26.66666667,36.66666667,1438,347,43.375,130.7272727,0.668202364,-10,10,,,,,,,,,,,,,,,,,,,,,,,,,66.82023621,2,,,,,,,,,,,,,,,,,,,master only (1)
Sero-218-R08,F,0,15,38,13.1,1,0,1,Yes,pv,2,2009,3.302979937,0,,2009,3.302979937,1,Arba Minch,"Tuesday, 23 November 2021",43.33333333,56.66666667,2661,73,5.615384615,156.5294118,0.96412569,-13.33333333,13.33333333,,,,,,,,,,,,,,,,,,,,,,,,,96.41256714,2,,,,,,,,,,,,,,,,,,,master only (1)
Sero-222-R05,M,1,13,40.8,9.8,1,0,1,Yes,pv,2,2536,3.404149249,0,,2536,3.404149249,0,Arba Minch,"Saturday, 28 August 2021",0,0,0,0,0,0,,0,0,,,,,,,,,,,,,,,,,,,,,,,,,,2,,,,,,,,,,,,,,,,,,,master only (1)
Sero-226-R05,M,1,15,36,11,0,0,1,Yes,pv,2,4444,3.64777405,0,,4444,3.64777405,1,Arba Minch,"Tuesday, 7 September 2021",83.33333333,93.33333333,1990,842,33.68,71.07142857,0.526110553,-10,10,,,,,,,,,,,,,,,,,,,,,,,,,52.61105347,2,,,,,,,,,,,,,,,,,,,master only (1)
Sero-226-R08,M,1,15,36.8,9.4,0,0,1,Yes,pv,2,9425,3.974281359,0,,9425,3.974281359,0,Arba Minch,"Thursday, 2 December 2021",0,0,0,0,0,0,,0,0,,,,,,,,,,,,,,,,,,,,,,,,,,2,,,,,,,,,,,,,,,,,,,master only (1)
Sero-229-R06,M,1,12,37.5,11.1,1,0,1,Yes,pv,2,,,,,,,1,Arba Minch,"Saturday, 9 October 2021",3.225806452,28.125,173,13,13,19.22222222,0.323699422,-24.89919355,24.89919355,,,,,,,,,,,,,,,,,,,,,,,,,32.36994171,2,,,,,,,,,,,,,,,,,,,master only (1)
Sero-230-R05,F,0,10,37.7,11.8,1,0,1,Yes,pv,2,,,,,,,1,Arba Minch,"Wednesday, 6 October 2021",54.83870968,73.33333333,497,205,12.05882353,22.59090909,0.466209019,-18.49462366,18.49462366,,,,,,,,,,,,,,,,,,,,,,,,,46.62090302,2,,,,,,,,,,,,,,,,,,,master only (1)
Sero-230-R07,F,0,10,37.5,12.9,1,0,1,Yes,pv,2,142,2.152288344,0,,142,2.152288344,1,Arba Minch,"Tuesday, 30 November 2021",51.72413793,50,170,91,6.066666667,13.07692308,0.536078431,1.724137931,-1.724137931,,,,,,,,,,,,,,,,,,,,,,,,,53.60784149,2,,,,,,,,,,,,,,,,,,,master only (1)
Sero-232-R06,M,1,15,38.6,13.2,1,0,1,Yes,pv,2,,,,,,,1,Arba Minch,"Friday, 8 October 2021",45.45454545,61.29032258,337,97,6.466666667,17.73684211,0.635410485,-15.83577713,15.83577713,,,,,,,,,,,,,,,,,,,,,,,,,63.54104996,2,,,,,,,,,,,,,,,,,,,master only (1)
Sero-232-R08,M,1,15,38.1,14,1,0,1,Yes,pv,2,2086,3.319314304,0,,2086,3.319314304,1,Arba Minch,"Thursday, 25 November 2021",46.66666667,73.33333333,750,154,11,34.09090909,0.677333333,-26.66666667,26.66666667,,,,,,,,,,,,,,,,,,,,,,,,,67.73332977,2,,,,,,,,,,,,,,,,,,,master only (1)
Sero-234-R06,M,1,10,38.5,12.7,1,0,1,Yes,pv,2,6990,3.844477176,0,,6990,3.844477176,1,Arba Minch,"Monday, 11 October 2021",43.33333333,66.66666667,578,299,23,26.27272727,0.124567474,-23.33333333,23.33333333,,,,,,,,,,,,,,,,,,,,,,,,,12.45674706,2,,,,,,,,,,,,,,,,,,,master only (1)
Sero-234-R08,M,1,10,35.5,13.4,0,0,1,Yes,pv,2,,,,,,,1,Arba Minch,"Thursday, 9 December 2021",57.14285714,53.57142857,1390,426,26.625,92.66666667,0.712679856,3.571428571,-3.571428571,,,,,,,,,,,,,,,,,,,,,,,,,71.26798248,2,,,,,,,,,,,,,,,,,,,master only (1)
Sero-235-R04,M,1,14,36.6,11.6,0,0,1,Yes,pv,2,647,2.810904281,0,,647,2.810904281,1,Arba Minch,"Friday, 27 August 2021",23.33333333,46.66666667,387,100,14.28571429,27.64285714,0.483204134,-23.33333333,23.33333333,,,,,,,,,,,,,,,,,,,,,,,,,48.32041168,2,,,,,,,,,,,,,,,,,,,master only (1)
Sero-242-R07,M,1,20,35.9,13.5,0,0,1,Yes,pv,2,4553,3.65829765,0,,4553,3.65829765,1,Arba Minch,"Tuesday, 14 December 2021",13.33333333,46.66666667,304,28,7,21.71428571,0.677631579,-33.33333333,33.33333333,,,,,,,,,,,,,,,,,,,,,,,,,67.76316071,2,,,,,,,,,,,,,,,,,,,master only (1)
Sero-248-R04,M,1,12,37,13.4,0,0,1,Yes,pv,2,6059,3.782400952,0,,6059,3.782400952,1,Arba Minch,"Monday, 30 August 2021",9.677419355,45.16129032,146,4,1.333333333,10.42857143,0.872146119,-35.48387097,35.48387097,,,,,,,,,,,,,,,,,,,,,,,,,87.21461487,2,,,,,,,,,,,,,,,,,,,master only (1)
Sero-253-R06,F,0,13,37.2,10,0,0,1,Yes,pv,2,9684,3.986054781,0,,9684,3.986054781,0,Arba Minch,"Tuesday, 16 November 2021",0,0,0,0,0,0,,0,0,,,,,,,,,,,,,,,,,,,,,,,,,,2,,,,,,,,,,,,,,,,,,,master only (1)
Sero-256-R06,F,0,18,39,12.8,1,0,1,Yes,pv,2,5333,3.726971584,0,,5333,3.726971584,1,Arba Minch,"Thursday, 18 November 2021",23.33333333,56.66666667,80,56,8,4.705882353,-0.7,-33.33333333,33.33333333,,,,,,,,,,,,,,,,,,,,,,,,,-70,2,,,,,,,,,,,,,,,,,,,master only (1)
Sero-256-R09,F,0,18,38.2,12.8,1,0,1,Yes,pv,2,,,,,,,0,Arba Minch,"Thursday, 10 February 2022",0,0,0,0,0,0,,0,0,,,,,,,,,,,,,,,,,,,,,,,,,,2,,,,,,,,,,,,,,,,,,,master only (1)
Sero-258-R04,M,1,12,38.9,14.2,1,0,1,Yes,pv,2,27781,4.443747874,517,2.713490543,28298,4.451755742,1,Arba Minch,"Monday, 13 September 2021",10,20,102,49,16.33333333,17,0.039215686,-10,10,,,,,,,,,,,,,,,,,,,,,,,,,3.921568632,2,,,,,,,,,,,,,,,,,,,master only (1)
Sero-258-R10,M,1,12,38.5,13.4,1,0,1,Yes,pv,2,1799,0,0,,1799,3.255031163,1,Arba Minch,"Saturday, 5 February 2022",3.333333333,23.33333333,30,1,1,4.285714286,0.766666667,-20,20,,,,,,,,,,,,,,,,,,,,,,,,,76.66666412,2,,,,,,,,,,,,,,,,,,,master only (1)
Sero-265-R01,M,1,35,37.1,14.9,0,0,1,Yes,pv,2,4435,3.646893624,158,2.198657087,4593,3.662096445,1,Arba Minch,"Monday, 2 August 2021",90.625,96.875,2324,1265,43.62068966,74.96774194,0.418140542,-6.25,6.25,,,,,,,,,,,,,,,,,,,,,,,,,41.81405258,2,,,,,,,,,,,,,,,,,,,master only (1)
Sero-267-R05,M,1,18,37.5,12.8,1,0,1,Yes,pv,2,,,,,,,1,Arba Minch,"Thursday, 28 October 2021",57.57575758,94.11764706,2264,710,37.36842105,70.75,0.471824437,-36.54188948,36.54188948,,,,,,,,,,,,,,,,,,,,,,,,,47.18244553,2,,,,,,,,,,,,,,,,,,,master only (1)
Sero-267-R07,M,1,18,38.7,13.7,1,0,1,Yes,pv,2,1236,3.092018471,0,,1236,3.092018471,1,Arba Minch,"Wednesday, 15 December 2021",46.66666667,26.66666667,32,53,3.785714286,4,0.053571429,20,-20,,,,,,,,,,,,,,,,,,,,,,,,,5.357142925,2,,,,,,,,,,,,,,,,,,,master only (1)
Sero-268-R01,M,1,12,38.2,12.4,1,0,1,Yes,pv,2,4487,3.65195607,0,,4487,3.65195607,1,Arba Minch,"Tuesday, 10 August 2021",60,100,663,154,8.555555556,22.1,0.612870789,-40,40,,,,,,,,,,,,,,,,,,,,,,,,,61.28707886,2,,,,,,,,,,,,,,,,,,,master only (1)
Sero-269-R01,M,1,19,39.7,10.6,1,0,1,Yes,pv,2,11480,4.059941888,0,,11480,4.059941888,1,Arba Minch,"Thursday, 12 August 2021",48.38709677,64.51612903,996,142,9.466666667,49.8,0.809906292,-16.12903226,16.12903226,,,,,,,,,,,,,,,,,,,,,,,,,80.9906311,2,,,,,,,,,,,,,,,,,,,master only (1)
Sero-271-R01,F,0,11,37.3,13.2,0,0,1,Yes,pv,2,27287,4.435955791,0,,27287,4.435955791,1,Arba Minch,"Friday, 13 August 2021",96.96969697,100,1189,959,29.96875,36.03030303,0.168234861,-3.03030303,3.03030303,,,,,,,,,,,,,,,,,,,,,,,,,16.82348633,2,,,,,,,,,,,,,,,,,,,master only (1)
Sero-271-R04,F,0,11,36.8,14.6,0,0,1,Yes,pv,2,,,,,,,1,Arba Minch,"Tuesday, 28 September 2021",59.375,50,648,246,12.94736842,43.2,0.700292398,9.375,-9.375,,,,,,,,,,,,,,,,,,,,,,,,,70.02924347,2,,,,,,,,,,,,,,,,,,,master only (1)
Sero-271-R06,F,0,11,36.4,13.9,0,0,1,Yes,pv,2,,,,,,,1,Arba Minch,"Tuesday, 2 November 2021",25,19.35483871,367,238,29.75,61.16666667,0.513623978,5.64516129,-5.64516129,,,,,,,,,,,,,,,,,,,,,,,,,51.36239624,2,,,,,,,,,,,,,,,,,,,master only (1)
Sero-272-R01,F,0,22,35.8,14,0,0,1,Yes,pv,2,,,,,,,1,Arba Minch,"Monday, 16 August 2021",76.66666667,73.33333333,1339,1283,55.7826087,60.86363636,0.083482157,3.333333333,-3.333333333,,,,,,,,,,,,,,,,,,,,,,,,,8.348216057,2,,,,,,,,,,,,,,,,,,,master only (1)
Sero-273-R01,M,1,14,36,12.2,0,0,1,Yes,pv,2,1115,3.047274867,0,,1115,3.047274867,1,Arba Minch,"Friday, 20 August 2021",70,83.33333333,303,288,13.71428571,12.12,-0.131541726,-13.33333333,13.33333333,,,,,,,,,,,,,,,,,,,,,,,,,-13.1541729,2,,,,,,,,,,,,,,,,,,,master only (1)
Sero-274-R01,F,0,12,39.1,12.7,1,0,1,Yes,pv,2,2217,3.345765693,0,,2217,3.345765693,1,Arba Minch,"Wednesday, 25 August 2021",28.125,62.5,594,34,3.777777778,29.7,0.872802095,-34.375,34.375,,,,,,,,,,,,,,,,,,,,,,,,,87.2802124,2,,,,,,,,,,,,,,,,,,,master only (1)
Sero-275-R01,M,1,10,39.1,10.6,1,0,1,Yes,pv,2,9154,3.961610908,0,,9154,3.961610908,1,Arba Minch,"Friday, 27 August 2021",23.33333333,30,449,22,3.142857143,49.88888889,0.937002864,-6.666666667,6.666666667,,,,,,,,,,,,,,,,,,,,,,,,,93.70028687,2,,,,,,,,,,,,,,,,,,,master only (1)
Sero-276-R01,M,1,12,39.1,9.4,1,0,1,Yes,pv,2,10830,4.034628457,0,,10830,4.034628457,0,Arba Minch,"Friday, 3 September 2021",0,0,0,0,0,0,,0,0,,,,,,,,,,,,,,,,,,,,,,,,,,2,,,,,,,,,,,,,,,,,,,master only (1)
Sero-277-R01,F,0,12,39.6,8.9,1,0,1,Yes,pv,2,3368,3.527372083,0,,3368,3.527372083,0,Arba Minch,"Friday, 3 September 2021",0,0,0,0,0,0,,0,0,,,,,,,,,,,,,,,,,,,,,,,,,,2,,,,,,,,,,,,,,,,,,,master only (1)
Sero-277-R04,F,0,12,34.9,11.6,0,0,1,Yes,pv,2,,,,,,,1,Arba Minch,"Tuesday, 2 November 2021",48.38709677,51.72413793,2891,2562,170.8,192.7333333,0.113801453,-3.337041157,3.337041157,,,,,,,,,,,,,,,,,,,,,,,,,11.38014507,2,,,,,,,,,,,,,,,,,,,master only (1)
Sero-278-R01,F,0,20,37.7,13.9,1,0,1,Yes,pv,2,,,,,,,1,Arba Minch,"Friday, 29 October 2021",64.51612903,90.32258065,1122,320,16,40.07142857,0.600713012,-25.80645161,25.80645161,,,,,,,,,,,,,,,,,,,,,,,,,60.07130051,2,,,,,,,,,,,,,,,,,,,master only (1)
Sero-279-R01,M,1,7,36.3,12.6,0,0,1,Yes,pv,2,,,,,,,1,Arba Minch,"Saturday, 30 October 2021",40,63.33333333,2330,526,43.83333333,122.6315789,0.642560801,-23.33333333,23.33333333,,,,,,,,,,,,,,,,,,,,,,,,,64.25608063,2,,,,,,,,,,,,,,,,,,,master only (1)
Sero-280-R01,M,1,7,37.1,14.1,0,0,1,Yes,Pf,1,,,,,,,0,Arba Minch,"Tuesday, 2 November 2021",0,0,0,0,0,0,,0,0,,,,,,,,,,,,,,,,,,,,,,,,,,,,,,,,,,,,,,,,,,,,,master only (1)
Sero-281-R01,F,0,13,39.4,14.7,1,0,1,Yes,pv,2,,,,,,,1,Arba Minch,"Wednesday, 3 November 2021",0,6.25,7,0,0,3.5,1,-6.25,6.25,,,,,,,,,,,,,,,,,,,,,,,,,100,2,,,,,,,,,,,,,,,,,,,master only (1)
Sero-281-R05,F,0,13,39.3,13.1,1,0,1,Yes,pv,2,,,,,,,1,Arba Minch,"Tuesday, 4 January 2022",40,50,1460,370,30.83333333,97.33333333,0.683219178,-10,10,,,,,,,,,,,,,,,,,,,,,,,,,68.32191467,2,,,,,,,,,,,,,,,,,,,master only (1)
Sero-282-R01,F,0,9,37.6,12.6,1,0,1,Yes,pv,2,,,,,,,0,Arba Minch,"Thursday, 4 November 2021",0,0,0,0,0,0,,0,0,,,,,,,,,,,,,,,,,,,,,,,,,,2,,,,,,,,,,,,,,,,,,,master only (1)
Sero-283-R01,F,0,30,39.8,13,1,0,1,Yes,pv,2,,,,,,,1,Arba Minch,"Tuesday, 9 November 2021",35.48387097,56.25,393,70,6.363636364,21.83333333,0.708535739,-20.76612903,20.76612903,,,,,,,,,,,,,,,,,,,,,,,,,70.85357666,2,,,,,,,,,,,,,,,,,,,master only (1)
Sero-284-R01,M,1,20,36.3,13.6,0,0,1,Yes,pv,2,6796,3.83225337,0,,6796,3.83225337,1,Arba Minch,"Saturday, 13 November 2021",40,70,1989,62,5.166666667,94.71428571,0.945449975,-30,30,,,,,,,,,,,,,,,,,,,,,,,,,94.54499817,2,,,,,,,,,,,,,,,,,,,master only (1)
Sero-285-R01,M,1,19,38.6,14.1,1,0,1,Yes,pv,2,13069,4.116242358,0,,13069,4.116242358,1,Arba Minch,"Tuesday, 16 November 2021",70,63.33333333,794,310,14.76190476,41.78947368,0.646755428,6.666666667,-6.666666667,,,,,,,,,,,,,,,,,,,,,,,,,64.67554474,2,,,,,,,,,,,,,,,,,,,master only (1)
Sero-286-R01,M,1,12,37.8,12,1,0,1,Yes,pv,2,126,2.100370545,0,,126,2.100370545,1,Arba Minch,"Tuesday, 30 November 2021",0,10,4,0,0,1.333333333,1,-10,10,,,,,,,,,,,,,,,,,,,,,,,,,100,2,,,,,,,,,,,,,,,,,,,master only (1)
Sero-287-R01,F,0,11,35.4,12.3,0,0,1,Yes,pv,2,2732,3.436480695,0,,2732,3.436480695,1,Arba Minch,"Wednesday, 1 December 2021",73.33333333,66.66666667,549,330,15,27.45,0.453551913,6.666666667,-6.666666667,,,,,,,,,,,,,,,,,,,,,,,,,45.35519028,2,,,,,,,,,,,,,,,,,,,master only (1)
Sero-288-R01,F,0,22,39.6,13.2,1,0,1,Yes,pv,2,20435,4.310374642,0,,20435,4.310374642,1,Arba Minch,"Wednesday, 8 December 2021",83.33333333,80,1119,888,35.52,46.625,0.238176944,3.333333333,-3.333333333,,,,,,,,,,,,,,,,,,,,,,,,,23.81769371,2,,,,,,,,,,,,,,,,,,,master only (1)
Sero-288-R05,F,0,22,38.8,12.4,1,0,1,Yes,pv,2,,,,,,,1,Arba Minch,"Monday, 28 February 2022",23.33333333,83.33333333,442,116,16.57142857,17.68,0.062702004,-60,60,,,,,,,,,,,,,,,,,,,,,,,,,6.270200253,2,,,,,,,,,,,,,,,,,,,master only (1)
Sero-289-R01,M,1,35,37.3,13.9,0,0,1,Yes,pv,2,748,2.873901598,0,,748,2.873901598,1,Arba Minch,"Thursday, 16 December 2021",50,68.75,517,91,6.5,23.5,0.723404255,-18.75,18.75,,,,,,,,,,,,,,,,,,,,,,,,,72.34042358,2,,,,,,,,,,,,,,,,,,,master only (1)
Sero-290-R01,F,0,13,37.7,13.1,1,0,1,Yes,pv,2,4475,3.65079304,0,,4475,3.65079304,1,Arba Minch,"Tuesday, 21 December 2021",0,7.142857143,4,0,0,2,1,-7.142857143,7.142857143,,,,,,,,,,,,,,,,,,,,,,,,,100,2,,,,,,,,,,,,,,,,,,,master only (1)
Sero-291-R01,F,0,18,37.4,11.5,0,0,1,Yes,pv,2,1639,3.214578954,0,,1639,3.214578954,1,Arba Minch,"Friday, 24 December 2021",3.333333333,0,0,1,1,0,,3.333333333,-3.333333333,,,,,,,,,,,,,,,,,,,,,,,,,,2,,,,,,,,,,,,,,,,,,,master only (1)
Sero-292-R01,F,0,18,35.5,14.5,0,0,1,Yes,pv,2,2995,3.476396827,0,,2995,3.476396827,1,Arba Minch,"Thursday, 30 December 2021",3.333333333,3.333333333,2,1,1,2,0.5,0,0,,,,,,,,,,,,,,,,,,,,,,,,,50,2,,,,,,,,,,,,,,,,,,,master only (1)
Sero-293-R01,M,1,10,37.3,9,0,0,1,Yes,pv,2,,,,,,,1,Arba Minch,"Friday, 31 December 2021",20,43.33333333,555,89,14.83333333,42.69230769,0.652552553,-23.33333333,23.33333333,,,,,,,,,,,,,,,,,,,,,,,,,65.25525665,2,,,,,,,,,,,,,,,,,,,master only (1)
Sero-294-R01,M,1,12,38.9,13.4,1,0,1,Yes,pv,2,4320,3.635483747,0,,4320,3.635483747,1,Arba Minch,"Saturday, 1 January 2022",6.666666667,36.66666667,352,17,8.5,32,0.734375,-30,30,,,,,,,,,,,,,,,,,,,,,,,,,73.4375,2,,,,,,,,,,,,,,,,,,,master only (1)
Sero-295-R01,M,1,15,36.6,13.7,0,0,1,Yes,pv,2,3287,3.516799704,0,,3287,3.516799704,1,Arba Minch,"Saturday, 1 January 2022",30,63.33333333,1138,145,16.11111111,59.89473684,0.731009568,-33.33333333,33.33333333,,,,,,,,,,,,,,,,,,,,,,,,,73.10095978,2,,,,,,,,,,,,,,,,,,,master only (1)
Sero-296-R01,F,0,25,38.1,10.8,1,0,1,Yes,pv,2,4078,3.610447221,0,,4078,3.610447221,1,Arba Minch,"Monday, 10 January 2022",6.896551724,50,132,4,2,8.8,0.772727273,-43.10344828,43.10344828,,,,,,,,,,,,,,,,,,,,,,,,,77.27272797,2,,,,,,,,,,,,,,,,,,,master only (1)
Sero-297-R01,M,1,12,37.5,12.1,1,0,1,Yes,pv,2,6454,3.809828961,811,2.909020854,7265,3.861235619,1,Arba Minch,"Tuesday, 18 January 2022",63.33333333,76.66666667,1685,1920,101.0526316,73.26086957,-0.379353428,-13.33333333,13.33333333,,,,,,,,,,,,,,,,,,,,,,,,,-37.9353447,2,,,,,,,,,,,,,,,,,,,master only (1)
Sero-298-R01,M,1,10,36.5,12.4,0,0,1,Yes,pv,2,6226,3.794209116,394,2.595496222,6620,3.820857989,1,Arba Minch,"Tuesday, 18 January 2022",33.33333333,53.125,149,61,6.1,8.764705882,0.304026846,-19.79166667,19.79166667,,,,,,,,,,,,,,,,,,,,,,,,,30.40268517,2,,,,,,,,,,,,,,,,,,,master only (1)
Sero-299-R01,M,1,6,37.1,11.9,0,0,1,Yes,pv,2,29317,4.467119527,292,2.465382851,29609,4.47142374,1,Arba Minch,"Wednesday, 2 February 2022",16.66666667,36.66666667,25,40,8,2.272727273,-2.52,-20,20,,,,,,,,,,,,,,,,,,,,,,,,,-252,2,,,,,,,,,,,,,,,,,,,master only (1)
Sero-300-R01,M,1,18,38.1,15.3,1,0,1,Yes,pv,2,,,,,,,1,Arba Minch,"Monday, 14 February 2022",25,69.6969697,1726,219,27.375,75.04347826,0.635211472,-44.6969697,44.6969697,,,,,,,,,,,,,,,,,,,,,,,,,63.52114868,2,,,,,,,,,,,,,,,,,,,master only (1)
Sero-301-R01,F,0,11,36.9,13.5,0,0,1,Yes,pv,2,,,,,,,1,Arba Minch,"Monday, 21 February 2022",46.66666667,71.875,810,105,7.5,35.2173913,0.787037037,-25.20833333,25.20833333,,,,,,,,,,,,,,,,,,,,,,,,,78.70370483,2,,,,,,,,,,,,,,,,,,,master only (1)
Sero-302-R01,F,0,40,37.4,11.7,0,0,1,Yes,pv,2,,,,,,,1,Arba Minch,"Saturday, 26 February 2022",33.33333333,80,1023,179,17.9,42.625,0.580058651,-46.66666667,46.66666667,,,,,,,,,,,,,,,,,,,,,,,,,58.005867,2,,,,,,,,,,,,,,,,,,,master only (1)
