sn,pid,age_bl,gender_bl,est_tra,od_230,od_47,od_hap2,od_4845,result_230a,result_47a,result_hap2a,result_4845a
1,LA-049,13,M,87.41,0.09,1.023,0.265,1.302,pos,pos,pos,pos
2,LA-059,18,F,87.17,0.038,0.129,0.096,0.927,pos,pos,pos,pos
3,LA-065,18,M,83.17,0.039,0.305,0.206,0.761,pos,pos,pos,pos
4,LA-066,12,M,90.53,0.101,0.281,0.226,0.552,pos,pos,pos,pos
5,LA-073,18,F,83.34,0.053,0.587,0.099,0.385,pos,pos,pos,pos
6,Sero-041-14,13,M,98.73,0.273,0.352,0.15,0.131,neg,pos,neg,neg
7,Sero-095-15,11,M,99.84,0.357,0.458,0.377,0.335,pos,pos,pos,pos
8,Sero-105-13,8,M,61.92,0.439,1.449,1.171,0.807,pos,pos,pos,pos
9,Sero-131-16,13,M,96.4,0.168,1.125,1.229,2.408,neg,pos,pos,pos
10,Sero-218-08,15,F,97.19,0.739,0.845,0.446,0.262,pos,pos,pos,pos
11,Sero-232-08,15,M,79.42,0.277,0.24,0.208,0.176,neg,neg,neg,neg
12,Sero-284-01,20,M,96.81,0.496,0.31,0.379,0.258,pos,pos,pos,pos
13,Sero-310-01,11,M,98.98,0.427,0.351,0.49,2.575,pos,pos,pos,pos
14,Sero-331-01,12,F,89.08,0.067,0.129,0.155,0.18,pos,neg,neg,neg
15,Sero-334-01,18,M,99.48,0.045,0.158,0.197,0.325,neg,pos,neg,pos
