sn,id,mic_psps,par_sps,pfden_ul,pv18s_copies_ul,pvs25_copies_ul,pvgam_uL,study_site,age,sex,temp,blocker_id,ndisect_wb,ninfect_wb,noocyst_wb,perinfect_wb,mean_oocystall_wb,mean_oocystpos_wb,ndisect_rp,ninfect_rp,noocyst_rp,perinfect_rp,mean_oocystall_rp,mean_oocystpos_rp,ndisect_pb,ninfect_pb,noocyst_pb,perinfect_pb,mean_oocystall_pb,mean_oocystpos_pb,tra_pb_vs_rp,tr>90,tr81-90,tr51-80,tr31-50,tr11-30,tr<10,tra_wb_vs_rp,tr>90,tr81-90,tr51-80,tr31-50,tr11-30,tr<10
1,HL-02,PV,Pv,0,8693,11534.8,2766,Arba minch,18,F,36.1,Sero-334-01,30,25,433,83,14.4,17.3,30,30,1877,100,62.6,62.6,30,29,1780,97,59.3,61.4,5.2,0,0,0,0,0,1,76.9,0,0,1,0,0,0
2,HL-03,PV,Pv,0,9155.9,1067.8,256,Arba minch,17,F,35.7,Sero-334-01,30,1,13,3,0.4,13,29,23,486,79,16.8,21.1,30,23,297,77,9.9,12.9,40.9,0,0,0,1,0,0,97.4,1,0,0,0,0,0
3,HL-04,PV,Pv,0,13336.3,53.9,13,Arba minch,45,F,37,Sero-095-15,30,25,1871,83,62.4,74.8,30,30,4099,100,136.6,136.6,30,27,646,90,21.5,23.9,84.2,0,1,0,0,0,0,54.4,0,0,1,0,0,0
4,HL-05,PV,Pv,0,10222.9,10888.2,2611,Arba minch,60,F,37.5,LA-066,30,24,307,80,10.2,12.8,30,30,700,100,23.3,23.3,30,30,885,100,29.5,29.5,-26.4,0,0,0,0,0,1,56.1,0,0,1,0,0,0
5,HL-06,PV,Pv,0,7064.1,47067.5,11287,Arba minch,11,F,36.8,LA-066,30,10,49,33,1.6,4.9,30,29,235,97,7.8,8.1,30,14,129,47,4.3,9.2,45.1,0,0,0,1,0,0,79.1,0,0,1,0,0,0
6,HL-09,PV,Pv,0,3622.4,644.6,155,Arba minch,20,M,37.5,Sero-095-15,30,25,158,83,5.3,6.3,30,30,259,100,8.6,8.6,30,3,7,10,0.2,2.3,97.3,1,0,0,0,0,0,39,0,0,0,1,0,0
7,HL-10,PV,Pv,0,13510.4,830229.7,199096,Arba minch,21,M,38.6,LA-059,30,11,24,37,0.8,2.2,30,27,125,90,4.2,4.6,30,10,20,33,0.7,2,84,0,1,0,0,0,0,80.8,0,1,0,0,0,0
8,HL-12,PV,Pv,0,7064.1,47067.5,11287,Arba minch,23,F,36.3,LA-059,30,30,728,100,24.3,24.3,30,30,2455,100,81.8,81.8,30,26,1046,87,34.9,40.2,57.4,0,0,1,0,0,0,70.3,0,0,1,0,0,0
9,HL-13,PV,Pv,0,17173.7,1445.6,347,Arba minch,48,F,37.5,Sero-218-08,30,13,112,43,3.7,8.6,30,28,452,93,15.1,16.1,30,0,0,0,0,0,100,1,0,0,0,0,0,75.2,0,0,1,0,0,0
10,HL-14,PV,Pv,0,3622.4,644.6,155,Arba minch,18,F,37.5,Sero-218-08,30,25,496,83,16.5,19.8,30,30,2599,100,86.6,86.6,30,18,207,60,6.9,11.5,92,1,0,0,0,0,0,80.9,0,1,0,0,0,0
11,HL-16,PV,PV,0,2322.6,21172.7,5077,Mizan,25,F,38.3,Sero-232-08,30,27,831,90,27.7,30.8,30,29,1589,97,53,54.8,30,23,539,77,18,23.4,66.1,0,0,1,0,0,0,47.7,0,0,0,1,0,0
12,HL-18,PV,PV,0,16090.5,63213.5,15159,Mizan,18,F,38.3,Sero-232-08,30,30,612,100,20.4,20.4,30,30,1193,100,39.8,39.8,30,30,850,100,28.3,28.3,28.8,0,0,0,0,1,0,48.7,0,0,0,1,0,0
13,HL-19,PV,PV,0,9917.7,17680.8,4240,Mizan,70,F,36.8,Sero-284-01,30,20,304,67,10.1,15.2,30,28,1439,93,48,51.4,30,23,166,77,5.5,7.2,88.5,0,1,0,0,0,0,78.9,0,0,1,0,0,0
14,HL-20,PV,PV,0,11193.3,13202.2,3166,Mizan,42,F,36.9,LA-059,30,28,836,93,27.9,29.9,30,30,2702,100,90.1,90.1,30,30,490,100,16.3,16.3,81.9,0,1,0,0,0,0,69.1,0,0,1,0,0,0
15,HL-21,PV,PV,0,50779.8,2375.2,570,Mizan,45,F,37.8,Sero-284-01,30,28,669,93,22.3,23.9,30,30,2598,100,86.6,86.6,30,28,508,93,16.9,18.1,80.4,0,1,0,0,0,0,74.2,0,0,1,0,0,0
16,HL-22,PV,PV,0,20495.1,15230.9,3652,Mizan,45,F,39,Sero-131-16,30,30,701,100,23.4,23.4,30,30,2339,100,78,78,30,30,494,100,16.5,16.5,78.9,0,0,1,0,0,0,70,0,0,1,0,0,0
17,HL-27,PV,PV,0,16090.5,6960.6,1669,Mizan,7,M,37.6,LA-073,30,30,1431,100,47.7,47.7,30,30,4414,100,147.1,147.1,30,30,1290,100,43,43,70.8,0,0,1,0,0,0,67.6,0,0,1,0,0,0
18,HL-28,PV,PV,0,64680,8232.3,1974,Mizan,28,98,36.7,LA-073,30,0,0,0,0,0,30,9,9,30,0.3,1,30,11,17,37,0.6,1.5,-88.9,0,0,0,0,0,1,100,1,0,0,0,0,0
19,HL-29,PV,PV,0,24573,11443.8,2744,Mizan,55,F,37.9,LA-073,30,18,95,60,3.2,5.3,30,30,1396,100,46.5,46.5,30,30,1225,100,40.8,40.8,12.2,0,0,0,0,1,0,93.2,1,0,0,0,0,0
20,HL-31,PV,PV,0,98777.1,102.3,25,Mizan,18,M,38.9,LA-049,30,7,48,23,1.6,6.9,30,26,108,87,3.6,4.2,30,0,0,0,0,0,100,1,0,0,0,0,0,55.6,0,0,1,0,0,0
21,HL-32,PV,PV,0,33251.1,46618.3,11179,Mizan,35,F,36.2,LA-049,30,30,665,100,22.2,22.2,30,30,2219,100,74,74,30,12,34,40,1.1,2.8,98.5,1,0,0,0,0,0,70,0,0,1,0,0,0
22,HL-33,PV,PV,0,42352.8,149031.9,35739,Mizan,27,M,39.2,LA-049,30,26,632,87,21.1,24.3,30,30,2627,100,87.6,87.6,30,8,11,27,0.4,1.4,99.6,1,0,0,0,0,0,75.9,0,0,1,0,0,0
23,HL-34,PV,PFPV,66.3,7786.5,327.1,78,Mizan,37,F,35,Sero-321-01,30,19,312,63,10.4,16.4,30,30,972,100,32.4,32.4,30,14,39,47,1.3,2.8,96,1,0,0,0,0,0,67.9,0,0,1,0,0,0
24,HL-35,PV,PV,0,4517.7,3322.4,797,Mizan,16,M,36.1,Sero-321-01,30,18,52,60,1.7,2.9,30,30,148,100,4.9,4.9,30,0,0,0,0,0,100,1,0,0,0,0,0,64.9,0,0,1,0,0,0
25,HL-36,PV,PV,0,24573,5669.9,1360,Mizan,50,M,36.9,Sero-041-14,30,27,698,90,23.3,25.9,30,29,862,97,28.7,29.7,30,28,248,93,8.3,8.9,71.2,0,0,1,0,0,0,19,0,0,0,0,1,0
26,HL-37,PV,PV,0,12632.7,7499.5,1798,Mizan,30,F,35.4,Sero-131-16,30,18,52,60,1.7,3.1,30,29,2256,97,75.2,77.8,30,29,446,97,14.9,15.4,80.2,0,1,0,0,0,0,97.7,1,0,0,0,0,0
27,HL-38,PV,PV,0,7786.5,11878.6,2849,Mizan,35,F,35,Sero-041-14,30,27,1352,90,45.1,50.1,30,29,1868,97,62.3,64.4,30,26,1169,87,39,45,37.4,0,0,0,1,0,0,27.6,0,0,0,0,1,0
28,HL-39,PV,PV,0,20495.1,60522.5,14514,Mizan,18,F,37.5,Sero-310-01,30,7,36,23,1.2,5.1,30,27,291,90,9.7,10.8,30,12,30,40,1,2.5,89.7,0,1,0,0,0,0,87.6,0,1,0,0,0,0
29,HL-40,PV,PV,0,17094,7004,1680,Mizan,20,M,36.6,LA-065,30,29,1207,97,40.2,41.6,30,29,3246,97,108.2,111.9,30,20,294,67,9.8,14.7,90.9,1,0,0,0,0,0,62.8,0,0,1,0,0,0
