sn,pid,age_bl,gender_bl,temperature_fl,pfpar_ul,pvcopies_ul,pvs25_copiesul,mic_sps,pcr_status,ndissect_wb,ninfectwb,pinfectwb,ndissect_rp,ninfectrp,pinfectrp,infect_wb,infect_rp,est_mean_sr,meansr_lower_ci,meansr_upper_ci,est_mean_wb1,meanwb_lower_ci,meanwb_upper_ci,selected,tra_lower_ci,tra_upper_ci,est_tra,t<10,t11-30,t31-50,t51-80,t81-90,t91-100,tra_status80,age_cat,fever_satus,od_230,od_47,od_hap2,od_4845,result_230a,result_47a,result_hap2a,result_4845a
1,LA-013,36,F,37.8,0,454,97062,Pv,Pv,31,19,61,34,25,74,1,1,16.35,15.78,16.93,5.82,5.21,6.43,1,17.76,84.6,64.41,0,0,0,1,0,0,non_blocker,15 years old and above,fever,0.096,0.18,0.21,0.235,pos,pos,pos,pos
2,LA-014,14,F,35.7,1029,1365,428202,Pv,Mixed,22,5,23,30,21,70,1,1,17.55,16.93,18.17,1.62,0.85,2.4,1,75,96.57,90.74,0,0,0,0,0,1,blocker,under 15 years old,no fever,0.412,0.571,1.324,0.602,pos,pos,pos,pos
3,LA-015,25,M,37.2,0,76,75182,Pv,Pv,30,18,60,31,25,81,1,1,14.69,14.09,15.29,7.36,6.75,7.98,1,-18.51,78.8,49.88,0,0,1,0,0,0,non_blocker,15 years old and above,no fever,0.354,0.471,0.599,1.924,pos,pos,pos,pos
4,LA-017,14,F,38.6,0,372611,393565,Pv,Pv,21,0,0,17,0,0,0,0,0.04,-2.4,2.47,0.02,-2.6,2.65,0,-2277.49,98.14,33.57,,,,,,,,under 15 years old,fever,0.259,0.418,0.217,0.329,pos,pos,pos,pos
5,LA-018,50,F,39.2,0,598,97734,Pv,Pv,26,21,81,25,18,72,1,1,18.87,18.21,19.54,19.06,18.41,19.71,1,-155.3,60.05,-0.99,1,0,0,0,0,0,non_blocker,15 years old and above,fever,0.041,0.1,0.153,0.27,neg,neg,neg,pos
6,LA-020,12,M,39.7,0,5041,2400000,Pv,Pv,30,4,13,30,8,27,1,1,1.39,0.71,2.07,0.34,-0.52,1.2,1,25.96,91.78,75.32,0,0,0,1,0,0,non_blocker,under 15 years old,fever,0.245,0.308,0.394,0.563,pos,pos,pos,pos
7,LA-021,14,M,39.1,0,2062,592326,Pv,Pv,30,21,70,30,27,90,1,1,18.63,18.03,19.24,13.43,12.82,14.04,1,-70.31,69.5,27.93,0,1,0,0,0,0,non_blocker,under 15 years old,fever,0.193,0.321,0.434,0.561,pos,pos,pos,pos
8,LA-022,25,F,39.9,0,454,61968,Pv,Pv,29,13,45,31,20,65,1,1,1.63,0.97,2.3,1,0.29,1.72,1,-62.37,76.87,38.71,0,0,1,0,0,0,non_blocker,15 years old and above,fever,0.093,0.206,0.252,0.254,pos,pos,pos,pos
9,LA-024,18,M,38.6,0,5784,396888,Pv,Pv,30,10,33,30,23,77,1,1,7.35,6.73,7.97,1.17,0.48,1.86,1,59.86,93.73,84.14,0,0,0,0,1,0,blocker,15 years old and above,fever,0.183,0.616,0.723,1.452,pos,pos,pos,pos
10,LA-029,19,F,36.7,0,1110,764702,Pv,Pv,31,25,81,30,28,93,1,1,147.47,146.87,148.06,90.38,89.79,90.97,1,-41.42,73.44,38.71,0,0,1,0,0,0,non_blocker,15 years old and above,no fever,0.115,0.163,0.219,0.223,pos,pos,pos,neg
11,LA-030,17,F,39.6,0,4706,1800000,Pv,Pv,30,0,0,30,3,10,0,1,0.25,-0.69,1.19,0.02,-2.51,2.55,0,-3.75,99.53,93.03,,,,,,,blocker,15 years old and above,fever,0.228,0.303,0.37,0.51,pos,pos,pos,pos
12,LA-032,7,M,39.2,0,3574,338620,Pv,Pv,30,6,20,30,7,23,1,1,1.06,0.35,1.76,0.38,-0.47,1.22,1,-6.65,88.13,64.42,0,0,0,1,0,0,non_blocker,under 15 years old,fever,0.068,0.189,0.213,0.355,pos,pos,pos,pos
13,LA-033,19,M,40,0,521,488218,Pv,Pv,30,5,17,32,18,56,1,1,2.29,1.63,2.94,0.24,-0.7,1.19,1,66.36,96.62,89.33,0,0,0,0,1,0,blocker,15 years old and above,fever,0.089,0.168,0.212,0.287,pos,pos,pos,pos
14,LA-034,21,M,39.9,0,903,934196,Pv,Pv,30,17,57,30,19,63,1,1,5.19,4.56,5.81,3.06,2.42,3.7,1,-44.27,75.88,41.01,0,0,1,0,0,0,non_blocker,15 years old and above,fever,0.159,0.367,0.451,0.629,pos,pos,pos,pos
15,LA-035,14,M,40,0,1189,174538,Pv,Pv,32,22,69,32,30,94,1,1,17.65,17.06,18.24,10.36,9.77,10.95,1,-35.42,74.56,41.3,0,0,1,0,0,0,non_blocker,under 15 years old,fever,0.111,0.206,0.272,0.303,pos,pos,pos,pos
16,LA-036,15,M,39.2,0,686,86912,Pv,Pv,30,4,13,30,7,23,1,1,0.69,-0.06,1.44,0.24,-0.7,1.19,0,-18.18,89.4,64.6,,,,,,,non_blocker,15 years old and above,fever,0.186,0.253,0.326,0.311,pos,pos,pos,pos
17,LA-037,15,M,37.8,0,2208,1100000,Pv,Pv,32,16,50,32,22,69,1,1,9.63,9.03,10.23,1.95,1.32,2.59,1,51.42,91.52,79.7,0,0,0,1,0,0,non_blocker,15 years old and above,fever,0.246,0.316,0.37,0.38,pos,pos,pos,pos
18,LA-038,20,M,39.2,0,424,234860,Pv,Pv,30,26,87,30,28,93,1,1,40.96,40.35,41.56,12.85,12.25,13.46,1,26.11,86.67,68.62,0,0,0,1,0,0,non_blocker,15 years old and above,fever,0.106,0.367,0.205,0.21,pos,pos,pos,neg
19,LA-039,18,M,40.4,0,8158,634662,Pv,Pv,30,26,87,30,29,97,1,1,24.13,23.52,24.74,16.31,15.7,16.91,1,-59.24,71.32,32.42,0,0,1,0,0,0,non_blocker,15 years old and above,fever,0.049,0.209,0.188,0.208,neg,pos,neg,neg
20,LA-040,30,F,38.1,0,345,357846,Pv,Pv,30,0,0,30,3,10,0,1,0.45,-0.36,1.27,0.02,-2.51,2.55,0,44.55,99.73,96.12,,,,,,,blocker,15 years old and above,fever,0.287,0.624,0.563,1.459,pos,pos,pos,pos
21,LA-041,18,M,38.4,0,83580,96070,Pv,Pv,32,0,0,32,0,0,0,0,0.02,-2.27,2.32,0.02,-2.5,2.53,0,-2245.17,97.41,22.11,,,,,,,,15 years old and above,fever,0.139,0.483,0.349,2.456,pos,pos,pos,pos
22,LA-042,22,F,40.1,0,1677,279102,Pv,Pv,30,25,83,30,27,90,1,1,11.79,11.17,12.4,4.39,3.76,5.02,1,10.47,84.5,62.75,0,0,0,1,0,0,non_blocker,15 years old and above,fever,0.066,0.114,0.103,0.324,pos,neg,pos,pos
23,LA-043,30,F,35.7,0,686,694254,Pv,Pv,30,25,83,30,29,97,1,1,78.21,77.61,78.81,29.32,28.72,29.92,1,12.39,83.96,62.51,0,0,0,1,0,0,non_blocker,15 years old and above,no fever,0.068,0.213,0.205,0.335,pos,pos,pos,pos
24,LA-044,15,M,35.2,0,486,12000000,Pv,Pv,30,17,57,30,25,83,1,1,20.25,19.64,20.86,5.59,4.97,6.21,1,34.21,88.43,72.41,0,0,0,1,0,0,non_blocker,15 years old and above,no fever,0.284,1.622,0.412,0.755,pos,pos,pos,pos
25,LA-045,22,M,35.6,0,30713,4080,Pv,Pv,30,20,67,30,23,77,1,1,8.92,8.3,9.54,4.29,3.67,4.92,1,-16.05,80.03,51.86,0,0,0,1,0,0,non_blocker,15 years old and above,no fever,0.051,0.426,0.384,1.344,pos,pos,pos,pos
26,LA-046,23,M,40,0,18618,11193,Pv,Pv,30,17,57,30,22,73,1,1,6.6,5.98,7.22,2.44,1.79,3.09,1,9.25,84.91,63,0,0,0,1,0,0,non_blocker,15 years old and above,fever,0.137,0.186,0.268,0.29,pos,pos,pos,pos
27,LA-047,18,M,39.9,0,61127,12077,Pv,Pv,30,19,63,30,27,90,1,1,24.13,23.52,24.74,4.13,3.5,4.76,1,59,92.85,82.88,0,0,0,0,1,0,blocker,15 years old and above,fever,0.043,0.197,0.114,0.258,neg,pos,pos,pos
28,LA-048,18,M,40,0,96718,23942,Pv,Pv,30,0,0,30,0,0,0,0,0.02,-2.29,2.33,0.02,-2.51,2.55,0,-2287.45,97.47,22.34,,,,,,,,15 years old and above,fever,0.095,0.217,0.152,0.316,pos,pos,pos,pos
29,LA-049,13,M,38.7,0,38633,98763,Pv,Pv,30,28,93,30,30,100,1,1,104.86,104.26,105.46,13.21,12.6,13.81,1,70.45,94.63,87.41,0,0,0,0,1,0,blocker,under 15 years old,fever,0.09,1.023,0.265,1.302,pos,pos,pos,pos
30,LA-050,14,M,38.6,0,806122,194447,Pv,Pv,30,2,7,30,21,70,1,1,2.85,2.2,3.49,0.18,-0.86,1.22,1,78.76,98.16,93.75,0,0,0,0,0,1,blocker,under 15 years old,fever,0.035,0.155,0.076,0.176,neg,pos,neg,neg
31,LA-051,20,M,35.8,0,182081,23614,Pv,Pv,30,28,93,30,28,93,1,1,217.57,216.97,218.16,111.86,111.27,112.46,1,-19.19,77.82,48.58,0,0,1,0,0,0,non_blocker,15 years old and above,no fever,0.036,0.234,0.279,0.427,neg,pos,pos,pos
32,LA-052,18,M,39.7,0,67846,44602,Pv,Pv,30,29,97,30,29,97,1,1,90.31,89.71,90.91,48.21,47.61,48.81,1,-24.42,77.1,46.62,0,0,1,0,0,0,non_blocker,15 years old and above,fever,0.025,0.247,0.15,0.398,neg,pos,pos,pos
33,LA-053,25,F,39.4,870,80724,51570,mixed,Mixed,30,26,87,30,30,100,1,1,89.61,89.01,90.21,43.31,42.72,43.91,1,-12.72,79.27,51.66,0,0,0,1,0,0,non_blocker,15 years old and above,fever,0.119,0.333,0.276,0.738,pos,pos,pos,pos
34,LA-054,20,F,35.7,0,91486,4652,Pv,Pv,30,27,90,30,29,97,1,1,84.9,84.3,85.5,29.61,29.01,30.21,1,18.53,85.07,65.13,0,0,0,1,0,0,non_blocker,15 years old and above,no fever,0.086,1.001,0.874,2.331,pos,pos,pos,pos
35,LA-055,17,M,36.4,0,72730,22970,Pv,Pv,30,30,100,30,30,100,1,1,168.07,167.47,168.66,72.7,72.1,73.29,1,-0.48,81.38,56.74,0,0,0,1,0,0,non_blocker,15 years old and above,no fever,0.097,0.18,0.146,0.349,pos,pos,pos,pos
36,LA-056,45,F,37,0,32696,1045,Pv,Pv,30,28,93,30,25,83,1,1,16.24,15.63,16.85,6.36,5.74,6.98,1,6.6,83.56,60.81,0,0,0,1,0,0,non_blocker,15 years old and above,no fever,0.031,0.106,0.154,0.218,neg,neg,pos,pos
37,LA-057,20,M,36,0,76890,3409,Pv,Pv,30,30,100,30,30,100,1,1,73.88,73.28,74.48,50.54,49.95,51.14,1,-59.53,70.66,31.59,0,0,1,0,0,0,non_blocker,15 years old and above,no fever,0.034,0.123,0.116,0.244,neg,pos,pos,pos
38,LA-058,12,F,38.5,0,55845,124930,Pv,Pv,30,23,77,30,27,90,1,1,31.35,30.74,31.95,11.06,10.45,11.67,1,16.74,85.05,64.72,0,0,0,1,0,0,non_blocker,under 15 years old,fever,0.077,0.253,0.194,0.523,pos,pos,pos,pos
39,LA-059,18,F,35.2,0,115880,5232,Pv,Pv,30,19,63,30,28,93,1,1,25.87,25.27,26.48,3.32,2.69,3.95,1,69.14,94.66,87.17,0,0,0,0,1,0,blocker,15 years old and above,no fever,0.038,0.129,0.096,0.927,pos,pos,pos,pos
40,LA-060,14,M,40.1,0,907255,8489,Pv,Pv,30,0,0,30,11,37,0,1,1.19,0.5,1.88,0.02,-2.51,2.55,1,79.52,99.89,98.52,0,0,0,0,0,1,blocker,under 15 years old,fever,0.028,0.116,0.058,0.154,neg,neg,neg,neg
41,LA-061,17,M,39.5,0,380464,12245,Pv,Pv,30,27,90,30,28,93,1,1,35.88,35.28,36.49,15.7,15.09,16.31,1,-2.92,81.4,56.25,0,0,0,1,0,0,non_blocker,15 years old and above,fever,0.037,0.143,0.088,0.166,neg,pos,neg,neg
42,LA-062,7,F,36.5,419,67376,100833,Pv,Mixed,30,28,93,30,28,93,1,1,59.68,59.08,60.28,41.8,41.2,42.4,1,-63.55,70.01,29.97,0,1,0,0,0,0,non_blocker,under 15 years old,no fever,0.081,0.338,0.314,0.696,pos,pos,pos,pos
43,LA-063,15,F,38.4,0,11849,21435,Pv,Pv,30,0,0,30,0,0,0,0,0.02,-2.29,2.33,0.02,-2.51,2.55,0,-2287.45,97.47,22.34,,,,,,,,15 years old and above,fever,0.047,0.284,0.188,0.445,pos,pos,pos,pos
44,LA-064,24,M,35.4,0,17489,131,Pv,Pv,30,27,90,30,28,93,1,1,33.7,33.09,34.3,18.03,17.43,18.63,1,-25.78,77.24,46.49,0,0,1,0,0,0,non_blocker,15 years old and above,no fever,0.033,0.225,0.108,0.227,neg,pos,pos,pos
45,LA-065,18,M,39.6,0,107349,393565,Pv,Pv,30,26,87,30,28,93,1,1,47.37,46.76,47.97,7.97,7.36,8.59,1,60.21,92.88,83.17,0,0,0,0,1,0,blocker,15 years old and above,fever,0.039,0.305,0.206,0.761,pos,pos,pos,pos
46,LA-066,12,M,39.9,0,134096,4052,Pv,Pv,30,19,63,30,28,93,1,1,23.71,23.1,24.32,2.25,1.6,2.9,1,76.96,96.11,90.53,0,0,0,0,0,1,blocker,under 15 years old,fever,0.101,0.281,0.226,0.552,pos,pos,pos,pos
47,LA-067,8,F,37,0,67376,69421,Pv,Pv,30,0,0,30,0,0,0,0,0.02,-2.29,2.33,0.02,-2.51,2.55,0,-2287.45,97.47,22.34,,,,,,,,under 15 years old,no fever,0.09,0.379,0.226,0.584,pos,pos,pos,pos
48,LA-068,36,F,39.3,0,90852,71367,Pv,Pv,30,26,87,30,28,93,1,1,17.14,16.53,17.75,9.23,8.62,9.84,1,-27.69,77.31,46.17,0,0,1,0,0,0,non_blocker,15 years old and above,fever,0.043,0.21,0.153,0.261,pos,pos,pos,pos
49,LA-069,8,M,38.7,0,49620,18797,Pv,Pv,30,27,90,30,28,93,1,1,62.27,61.67,62.87,16.75,16.15,17.36,1,36.88,88.53,73.09,0,0,0,1,0,0,non_blocker,under 15 years old,fever,0.035,0.403,0.314,0.815,neg,pos,pos,pos
50,LA-071,9,M,38.6,0,66445,21734,Pv,Pv,30,28,93,30,29,97,1,1,71.68,71.08,72.28,40.53,39.93,41.13,1,-31.99,75.77,43.45,0,0,1,0,0,0,non_blocker,under 15 years old,fever,0.039,0.406,0.337,1.092,pos,pos,pos,pos
51,LA-072,27,M,37.1,0,6747,21288,Pv,Pv,30,24,80,30,25,83,1,1,17.47,16.86,18.08,6.23,5.61,6.85,1,14.96,85.03,64.32,0,0,0,1,0,0,non_blocker,15 years old and above,no fever,0.074,0.229,0.224,2.284,pos,pos,pos,pos
52,LA-073,18,F,37.7,0,100838,8667,mixed,Pv,30,26,87,30,28,93,1,1,34.31,33.7,34.91,5.72,5.1,6.34,1,60.39,92.99,83.34,0,0,0,0,1,0,blocker,15 years old and above,fever,0.053,0.587,0.099,0.385,pos,pos,pos,pos
53,LA-074,26,M,38.4,0,45966,9096,Pv,Pv,30,30,100,30,30,100,1,1,156.03,155.44,156.63,63.02,62.42,63.61,1,6.12,82.63,59.61,0,0,0,1,0,0,non_blocker,15 years old and above,fever,0.05,0.189,0.117,0.234,pos,pos,pos,pos
54,Sero-041-11,13,M,39,279781,32141,20276,Pv,Mixed,30,0,0,30,0,0,0,0,0.02,-2.29,2.33,0.02,-2.51,2.55,0,-2287.45,97.47,22.34,,,,,,,,under 15 years old,fever,0.085,0.087,0.086,0.165,pos,neg,pos,pos
55,Sero-041-14,13,M,38,1,119103,157604,Pv,Pv,30,3,10,30,21,70,1,1,37.33,36.72,37.93,0.47,-0.32,1.27,1,96.54,99.53,98.73,0,0,0,0,0,1,blocker,under 15 years old,fever,0.273,0.352,0.15,0.131,neg,pos,neg,neg
56,Sero-048-10,15,M,35,16090,92848,10284,mixed,Mixed,30,6,20,30,12,40,1,1,4.5,3.87,5.13,1.49,0.82,2.17,1,16.47,86.79,66.78,0,0,0,1,0,0,non_blocker,15 years old and above,no fever,0.174,0.797,0.966,1.9,neg,pos,pos,pos
57,Sero-057-14,11,M,40,562145,4353,1726,Pv,Mixed,30,0,0,30,3,10,0,1,0.15,-0.95,1.25,0.02,-2.51,2.55,0,-82.5,99.27,88.46,,,,,,,blocker,under 15 years old,fever,0.069,0.115,0.199,0.239,neg,neg,neg,neg
58,Sero-061-14,6,F,37,0,192977,2000000,Pv,Pv,30,18,60,30,27,90,1,1,275.14,274.54,275.73,154.14,153.55,154.74,1,-29.68,75.8,43.98,0,0,1,0,0,0,non_blocker,under 15 years old,no fever,0.168,0.156,0.147,0.138,neg,neg,neg,neg
59,Sero-066-15,7,M,40,0,334985,391476,Pv,Pv,30,6,20,28,20,71,1,1,6.11,5.47,6.76,0.44,-0.37,1.25,1,79.62,97.44,92.77,0,0,0,0,0,1,blocker,under 15 years old,fever,0.132,0.163,0.171,0.27,neg,neg,neg,neg
60,Sero-083-12,16,M,37,3,2200000,109525,Pv,Pv,32,11,34,32,27,84,1,1,89.87,89.29,90.45,21.05,20.47,21.64,1,46.58,89.73,76.57,0,0,0,1,0,0,non_blocker,15 years old and above,no fever,0.123,0.191,0.244,0.539,neg,neg,neg,pos
61,Sero-095-15,11,M,36,0,103763,414020,Pv,Pv,30,0,0,30,4,13,0,1,11.14,10.52,11.75,0.02,-2.51,2.55,1,97.85,99.99,99.84,0,0,0,0,0,1,blocker,under 15 years old,no fever,0.357,0.458,0.377,0.335,pos,pos,pos,pos
62,Sero-105-13,8,M,37,0,786890,8941,Pv,Pv,31,14,45,31,19,61,1,1,43.29,42.69,43.88,16.48,15.89,17.08,1,11.72,83.58,61.92,0,0,0,1,0,0,non_blocker,under 15 years old,no fever,0.439,1.449,1.171,0.807,pos,pos,pos,pos
63,Sero-105-15,8,M,35,0,146468,142894,Pv,Pv,30,22,73,29,21,72,1,1,169.84,169.24,170.43,130.57,129.98,131.16,1,-78.27,66.84,23.12,0,1,0,0,0,0,non_blocker,under 15 years old,no fever,0.167,1.385,1.636,2.842,neg,pos,pos,pos
64,Sero-105-17,8,M,39,0,111169,40259,Pv,Pv,30,6,20,30,10,33,1,1,1.56,0.88,2.23,0.54,-0.24,1.32,1,2.63,87.59,65.24,0,0,0,1,0,0,non_blocker,under 15 years old,fever,0.44,1.38,1.149,0.973,pos,pos,pos,pos
65,Sero-105-18,8,M,37,0,68612,90034,Pv,Pv,30,3,10,30,9,30,1,1,1.42,0.74,2.1,0.28,-0.63,1.19,1,39.33,93.76,80.54,0,0,0,0,1,0,blocker,under 15 years old,no fever,0.11,0.958,1.297,2.78,neg,pos,pos,pos
66,Sero-105-19,8,M,37,0,96851,50014,Pv,Pv,29,0,0,30,4,13,0,1,0.69,-0.06,1.44,0.02,-2.52,2.56,0,62.75,99.81,97.36,,,,,,,blocker,under 15 years old,no fever,0.121,1.082,1.442,2.792,neg,pos,pos,pos
67,Sero-107-17,18,F,35,0,5735,95219,Pv,Pv,30,4,13,30,8,27,1,1,6.66,6.04,7.29,0.71,-0.04,1.45,1,72.12,95.98,89.41,0,0,0,0,1,0,blocker,15 years old and above,no fever,0.082,0.177,2.947,0.491,neg,neg,pos,pos
68,Sero-123-13,30,M,36,0,423110,352462,Pv,Pv,28,11,39,30,22,73,1,1,154.8,154.2,155.4,36.28,35.66,36.9,1,44.62,90.08,76.56,0,0,0,1,0,0,non_blocker,15 years old and above,no fever,0.093,0.159,0.16,0.294,neg,neg,neg,neg
69,Sero-123-16,30,M,35,0,3540,16903,Pv,Pv,30,0,0,30,5,17,0,1,0.22,-0.76,1.2,0.02,-2.51,2.55,0,-21.27,99.47,91.97,,,,,,,blocker,15 years old and above,no fever,0.085,0.155,0.185,0.414,neg,neg,neg,neg
70,Sero-131-16,13,M,36,5,103763,2000000,Pv,Pv,29,9,31,30,20,67,1,1,31.57,30.97,32.18,1.14,0.43,1.84,1,90.8,98.58,96.4,0,0,0,0,0,1,blocker,under 15 years old,no fever,0.168,1.125,1.229,2.408,neg,pos,pos,pos
71,Sero-148-13,16,M,39,0,29975,13047,Pv,Pv,30,5,17,30,18,60,1,1,26.77,26.17,27.38,2.02,1.36,2.67,1,81.61,96.91,92.47,0,0,0,0,0,1,blocker,15 years old and above,fever,0.126,0.277,0.345,0.633,neg,neg,neg,pos
72,Sero-161-12,11,F,37,1900000,185000,137018,Pv,Mixed,30,2,7,30,16,53,1,1,0.76,0.02,1.49,0.15,-0.97,1.26,0,27,94.95,80.8,,,,,,,blocker,under 15 years old,no fever,0.122,0.213,0.264,0.448,neg,neg,neg,neg
73,Sero-161-14,11,F,40,0,84377,1300000,Pv,Pv,30,9,30,30,19,63,1,1,104.6,104,105.2,9.87,9.26,10.48,1,77.8,95.99,90.56,0,0,0,0,0,1,blocker,under 15 years old,fever,0.316,0.541,0.412,0.439,pos,pos,pos,pos
74,Sero-162-09,8,M,38,0,368615,189058,Pv,Pv,32,24,75,32,28,88,1,1,41.26,40.67,41.84,14.16,13.57,14.74,1,21.37,85.03,65.69,0,0,0,1,0,0,non_blocker,under 15 years old,fever,0.086,0.129,0.13,0.265,neg,neg,neg,neg
75,Sero-177-10,5,M,38,0,520324,176279,Pv,Pv,30,0,0,30,0,0,0,0,0.02,-2.29,2.33,0.02,-2.51,2.55,0,-2287.45,97.47,22.34,,,,,,,,under 15 years old,fever,0.193,0.153,0.1,0.176,pos,pos,pos,pos
76,Sero-182-12,15,M,36,605792,423110,11343,mixed,Mixed,30,1,3,30,4,13,1,1,0.19,-0.85,1.22,0.08,-1.31,1.47,0,-141.12,92.39,57.15,,,,,,,non_blocker,15 years old and above,no fever,0.122,0.521,0.737,1.596,neg,pos,pos,pos
77,Sero-183-10,12,F,37,1,37892,571,Pv,Pv,31,24,77,31,23,74,1,1,66.07,65.47,66.66,62.8,62.22,63.39,1,-118.7,58.68,4.94,1,0,0,0,0,0,non_blocker,under 15 years old,no fever,0.335,0.514,0.362,0.37,pos,pos,pos,pos
78,Sero-185-12,12,M,36,1,1800000,36501,Pv,Pv,32,22,69,30,21,70,1,1,53.26,52.65,53.86,35.35,34.77,35.94,1,-53.25,71.24,33.62,0,0,1,0,0,0,non_blocker,under 15 years old,no fever,0.064,0.137,0.149,1.243,neg,neg,neg,pos
79,Sero-185-15,12,M,37,0,84377,766476,Pv,Pv,30,6,20,28,16,57,1,1,27.79,27.17,28.42,3.64,3.01,4.28,1,68.08,94.61,86.89,0,0,0,0,1,0,blocker,under 15 years old,no fever,0.115,0.285,0.255,1.014,neg,neg,neg,pos
80,Sero-194-12,13,M,38,0,1500000,306424,Pv,Pv,30,2,7,14,0,0,1,0,0.04,-2.46,2.55,0.08,-1.3,1.46,0,-2900.17,90.13,-72.05,,,,,,,,under 15 years old,fever,0.057,0.152,0.062,0.479,neg,pos,neg,pos
81,Sero-195-11,10,M,36,0,15056,79377,Pv,Pv,30,0,0,30,0,0,0,0,0.02,-2.29,2.33,0.02,-2.51,2.55,0,-2287.45,97.47,22.34,,,,,,,,under 15 years old,no fever,0.097,0.051,0.07,0.103,pos,neg,neg,neg
82,Sero-196-07,14,M,38,0,1100000,40542,Pv,Pv,34,12,35,30,24,80,1,1,13.25,12.64,13.86,0.77,0.08,1.46,1,85.43,97.69,94.2,0,0,0,0,0,1,blocker,under 15 years old,fever,0.12,0.167,0.189,0.413,neg,neg,neg,neg
83,Sero-215-05,11,M,37,0,1400000,129557,Pv,Pv,30,13,43,30,16,53,1,1,38.97,38.36,39.57,18.73,18.13,19.34,1,-12.91,79.53,51.93,0,0,0,1,0,0,non_blocker,under 15 years old,no fever,0.149,0.36,0.252,0.482,neg,pos,neg,pos
84,Sero-215-07,11,M,37,0,11000000,65710,Pv,Pv,30,8,27,30,11,37,1,1,46.6,46,47.2,11.25,10.64,11.86,1,43.12,89.75,75.86,0,0,0,1,0,0,non_blocker,under 15 years old,no fever,0.121,0.35,0.221,0.435,neg,pos,neg,neg
85,Sero-218-08,15,F,38,0,73509,70473,Pv,Pv,30,13,43,30,17,57,1,1,85.63,85.03,86.23,2.41,1.76,3.06,1,93.21,98.84,97.19,0,0,0,0,0,1,blocker,15 years old and above,fever,0.739,0.845,0.446,0.262,pos,pos,pos,pos
86,Sero-222-05,13,M,41,0,103763,111849,Pv,Pv,30,0,0,30,0,0,0,0,0.02,-2.29,2.33,0.02,-2.51,2.55,0,-2287.45,97.47,22.34,,,,,,,,under 15 years old,fever,0.25,0.369,0.249,0.301,pos,pos,pos,pos
87,Sero-226-05,15,M,36,0,206750,447153,Pv,Pv,30,25,83,30,28,93,1,1,64.25,63.65,64.85,27.04,26.44,27.64,1,1.56,82.01,57.92,0,0,0,1,0,0,non_blocker,15 years old and above,no fever,0.098,0.137,0.157,0.241,neg,neg,neg,neg
88,Sero-226-08,15,M,37,0,127604,20419,Pv,Pv,30,0,0,32,0,0,0,0,0.02,-2.27,2.32,0.02,-2.51,2.55,0,-2404.65,97.3,17.77,,,,,,,,15 years old and above,no fever,0.207,0.235,0.119,1.79,pos,pos,pos,pos
89,Sero-229-06,12,M,38,0,18000000,63007,Pv,Pv,31,1,3,32,9,28,1,1,5.39,4.78,6,0.43,-0.38,1.23,1,78.27,97.1,92.06,0,0,0,0,0,1,blocker,under 15 years old,fever,0.428,0.235,0.149,0.595,pos,neg,neg,pos
90,Sero-230-05,10,F,38,0,3000000,222077,Pv,Pv,31,17,55,30,22,73,1,1,16.3,15.69,16.91,6.48,5.87,7.08,1,5.98,83.21,60.27,0,0,0,1,0,0,non_blocker,under 15 years old,fever,0.118,0.232,0.289,0.534,neg,neg,neg,pos
91,Sero-230-07,10,F,38,0,1100000,50719,Pv,Pv,29,15,52,26,13,50,1,1,6.5,5.83,7.17,3.1,2.45,3.74,1,-20.76,81.22,52.37,0,0,0,1,0,0,non_blocker,under 15 years old,fever,0.092,0.13,0.171,0.257,neg,neg,neg,neg
92,Sero-232-06,15,M,38,0,5400000,50014,Pv,Pv,33,15,46,31,18,58,1,1,10.75,10.15,11.36,2.91,2.3,3.52,1,36.18,88.55,72.97,0,0,0,1,0,0,non_blocker,15 years old and above,fever,0.111,0.195,0.188,0.451,neg,neg,neg,neg
93,Sero-232-08,15,M,38,0,667462,11185,Pv,Pv,30,14,47,30,22,73,1,1,24.48,23.88,25.09,5.04,4.41,5.66,1,50.91,91.38,79.42,0,0,0,1,0,0,non_blocker,15 years old and above,fever,0.277,0.24,0.208,0.176,neg,neg,neg,neg
94,Sero-234-06,10,M,39,0,3100000,40827,Pv,Pv,30,13,43,33,22,67,1,1,17.25,16.67,17.83,9.71,9.1,10.32,1,-30.92,75.79,43.71,0,0,1,0,0,0,non_blocker,under 15 years old,fever,0.101,0.151,0.178,0.286,neg,neg,neg,neg
95,Sero-234-08,10,M,36,0,168122,32864,Pv,Pv,28,16,57,28,15,54,1,1,48.14,47.52,48.77,14.72,14.1,15.35,1,26.03,87.36,69.42,0,0,0,1,0,0,non_blocker,under 15 years old,no fever,0.17,0.249,0.252,0.375,neg,neg,neg,neg
96,Sero-235-04,14,M,37,0,3100000,27015,Pv,Pv,30,7,23,30,14,47,1,1,12.73,12.12,13.34,3.29,2.65,3.92,1,37.6,89.31,74.18,0,0,0,1,0,0,non_blocker,under 15 years old,no fever,0.114,0.068,0.076,0.101,pos,neg,pos,neg
97,Sero-242-07,20,M,36,0,3800000,17141,Pv,Pv,30,4,13,30,14,47,1,1,10.03,9.41,10.64,0.94,0.23,1.65,1,76.1,96.35,90.67,0,0,0,0,0,1,blocker,15 years old and above,no fever,0.127,0.176,0.168,0.248,neg,neg,neg,neg
98,Sero-248-04,12,M,37,0,485661,14190,Pv,Pv,31,3,10,31,14,46,1,1,4.7,4.08,5.32,0.14,-0.97,1.25,1,89.38,99.16,97.01,0,0,0,0,0,1,blocker,under 15 years old,no fever,0.136,0.124,0.131,0.149,neg,neg,neg,neg
99,Sero-253-06,13,F,37,0,5100000,81061,Pv,Pv,30,0,0,30,0,0,0,0,0.02,-2.29,2.33,0.02,-2.51,2.55,0,-2287.45,97.47,22.34,,,,,,,,under 15 years old,no fever,0.165,0.207,0.225,0.625,pos,pos,pos,pos
100,Sero-256-06,18,F,39,0,8800000,162079,Pv,Pv,30,7,23,30,17,57,1,1,2.68,2.04,3.33,1.85,1.19,2.51,1,-74.08,72.59,30.92,0,1,0,0,0,0,non_blocker,15 years old and above,fever,0.102,0.46,0.54,1.049,neg,pos,pos,pos
101,Sero-256-09,18,F,38,0,368615,68050,Pv,Pv,30,0,0,30,0,0,0,0,0.02,-2.29,2.33,0.02,-2.51,2.55,0,-2287.45,97.47,22.34,,,,,,,,15 years old and above,fever,0.074,0.278,0.222,0.524,pos,pos,pos,pos
102,Sero-258-04,12,M,39,0,9400000,302164,Pv,Pv,30,3,10,30,6,20,1,1,3.41,2.77,4.05,1.62,0.96,2.29,1,-20,81.08,52.35,0,0,0,1,0,0,non_blocker,under 15 years old,fever,0.161,0.308,0.379,0.954,neg,neg,pos,pos
103,Sero-258-10,12,M,39,0,1800000,73496,Pv,Pv,30,1,3,30,7,23,1,1,1.02,0.32,1.73,0.05,-1.65,1.75,1,70.57,99.26,95.32,0,0,0,0,0,1,blocker,under 15 years old,fever,0.108,0.291,0.315,0.732,neg,neg,neg,pos
104,Sero-265-01,35,M,37,0,90399,66171,Pv,Pv,32,29,91,32,31,97,1,1,70.41,69.83,70.99,38.03,37.45,38.61,1,-22.92,76.26,45.98,0,0,1,0,0,0,non_blocker,15 years old and above,no fever,0.214,0.237,0.16,0.278,pos,pos,pos,pos
105,Sero-267-05,18,M,38,0,820818,41693,Pv,Pv,33,19,58,34,32,94,1,1,64.73,64.16,65.3,20.85,20.27,21.43,1,27.78,85.63,67.79,0,0,0,1,0,0,non_blocker,15 years old and above,fever,0.14,0.16,0.19,0.304,neg,neg,neg,neg
106,Sero-267-07,18,M,39,0,967686,30006,Pv,Pv,30,14,47,30,8,27,1,1,1.09,0.39,1.79,1.76,1.09,2.42,1,-322.87,38.65,-61.07,1,0,0,0,0,0,non_blocker,15 years old and above,fever,0.091,0.108,0.13,0.163,neg,neg,neg,neg
107,Sero-268-01,12,M,38,0,103763,6805,Pv,Pv,30,18,60,30,30,100,1,1,21.67,21.07,22.28,5.04,4.41,5.66,1,44.5,90.26,76.76,0,0,0,1,0,0,non_blocker,under 15 years old,fever,0.073,0.167,0.174,0.348,neg,neg,neg,neg
108,Sero-268-12,12,M,39,0,520324,44094,Pv,Pv,24,9,38,28,17,61,1,1,18.95,18.33,19.58,2.91,2.2,3.63,1,60.24,94.06,84.63,0,0,0,0,1,0,blocker,under 15 years old,fever,0.441,0.477,0.373,0.333,pos,pos,pos,pos
109,Sero-269-01,19,M,40,0,506601,264541,Pv,Pv,31,15,48,31,20,65,1,1,31.4,30.8,31.99,4.5,3.89,5.12,1,66.22,93.91,85.66,0,0,0,0,1,0,blocker,15 years old and above,fever,0.176,1.568,0.84,2.082,neg,pos,pos,pos
110,Sero-271-01,11,F,37,0,2600000,734956,Pv,Pv,33,32,97,33,33,100,1,1,35.22,34.64,35.8,28.08,27.5,28.65,1,-79.92,64.67,20.28,0,1,0,0,0,0,non_blocker,under 15 years old,no fever,0.144,0.396,0.468,0.945,neg,pos,pos,pos
111,Sero-271-04,11,F,37,0,14000000,559397,Pv,Pv,32,19,59,30,15,50,1,1,21.19,20.58,21.8,7.52,6.93,8.12,1,16.83,84.85,64.5,0,0,0,1,0,0,non_blocker,under 15 years old,no fever,0.09,0.34,0.394,0.845,neg,neg,pos,pos
112,Sero-271-06,11,F,36,0,2900000,324070,Pv,Pv,32,8,25,31,6,19,1,1,11.7,11.1,12.3,7.28,6.68,7.88,1,-45.45,73.38,37.78,0,0,1,0,0,0,non_blocker,under 15 years old,no fever,0.145,0.426,0.568,1.081,neg,pos,pos,pos
113,Sero-272-01,22,F,36,0,45369,150069,Pv,Pv,30,23,77,30,22,73,1,1,43.42,42.82,44.03,41.01,40.41,41.61,1,-120.82,59.62,5.57,1,0,0,0,0,0,non_blocker,15 years old and above,no fever,0.096,0.147,0.207,0.335,neg,neg,neg,neg
114,Sero-273-01,14,M,36,0,119103,51434,Pv,Pv,30,21,70,30,25,83,1,1,10,9.38,10.61,9.36,8.75,9.97,1,-123,60.7,6.39,1,0,0,0,0,0,non_blocker,under 15 years old,no fever,0.098,0.146,0.124,0.213,neg,neg,neg,neg
115,Sero-274-01,12,F,39,0,96851,140908,Pv,Pv,32,9,28,32,20,63,1,1,18.26,17.67,18.85,1.06,0.39,1.74,1,85.71,97.63,94.18,0,0,0,0,0,1,blocker,under 15 years old,fever,0.056,1.142,1.054,2.605,neg,pos,pos,pos
116,Sero-275-01,10,M,39,0,221506,306424,Pv,Pv,30,7,23,30,9,30,1,1,14.74,14.13,15.36,0.74,0,1.47,1,86.96,98.07,94.99,0,0,0,0,0,1,blocker,under 15 years old,fever,0.109,0.401,0.334,1.121,neg,pos,pos,pos
117,Sero-276-01,12,M,39,0,90399,612680,Pv,Pv,30,0,0,30,0,0,0,0,0.02,-2.29,2.33,0.02,-2.51,2.55,0,-2287.45,97.47,22.34,,,,,,,,under 15 years old,fever,0.304,0.207,0.233,0.79,pos,pos,pos,pos
118,Sero-276-12,12,M,38,0,1100000,383342,Pv,Pv,28,0,0,30,0,0,0,0,0.02,-2.29,2.33,0.02,-2.53,2.57,0,-2462.08,97.36,17.71,,,,,,,,under 15 years old,fever,0.101,0.109,0.092,0.3,pos,pos,pos,pos
119,Sero-277-01,12,F,40,0,168122,761130,Pv,Pv,30,0,0,30,0,0,0,0,0.02,-2.29,2.33,0.02,-2.51,2.55,0,-2287.45,97.47,22.34,,,,,,,,under 15 years old,fever,0.221,0.347,0.341,0.771,pos,pos,pos,pos
120,Sero-277-04,12,F,35,2,279777,766476,Pv,Pv,31,15,48,29,15,52,1,1,96,95.39,96.6,78.8,78.21,79.38,1,-91.06,64.74,17.92,0,1,0,0,0,0,non_blocker,under 15 years old,no fever,0.37,0.578,0.675,0.45,pos,pos,pos,pos
121,Sero-278-01,20,F,38,0,146468,3860,Pv,Pv,31,20,65,31,28,90,1,1,35.33,34.73,35.92,10.06,9.46,10.66,1,33.65,87.77,71.52,0,0,0,1,0,0,non_blocker,15 years old and above,fever,0.103,0.132,0.116,0.199,neg,neg,neg,neg
122,Sero-279-01,7,M,36,0,312669,77728,Pv,Pv,30,12,40,30,19,63,1,1,75.09,74.49,75.69,16.98,16.37,17.58,1,47,90.36,77.39,0,0,0,1,0,0,non_blocker,under 15 years old,no fever,0.114,0.156,0.186,0.218,neg,neg,neg,neg
123,Sero-281-01,13,F,39,0,22770,340,Pv,Pv,35,0,0,32,2,6,0,1,0.24,-0.69,1.17,0.02,-2.48,2.51,0,6.46,99.54,93.47,,,,,,,blocker,under 15 years old,fever,0.072,0.203,0.174,0.535,neg,neg,neg,pos
124,Sero-281-05,13,F,39,0,221506,182557,Pv,Pv,30,12,40,30,15,50,1,1,47.3,46.7,47.9,11.99,11.38,12.6,1,40.33,89.24,74.66,0,0,0,1,0,0,non_blocker,under 15 years old,fever,0.087,0.193,0.144,0.48,neg,neg,neg,pos
125,Sero-281-08,13,F,40,0,192977,199946,Pv,Pv,30,3,10,30,6,20,1,1,1.88,1.21,2.56,2.28,1.63,2.93,1,-208.47,52.63,-20.88,1,0,0,0,0,0,non_blocker,under 15 years old,fever,0.085,0.166,0.052,0.423,neg,neg,neg,pos
126,Sero-282-01,9,F,38,0,156922,59995,Pv,Pv,31,0,0,30,0,0,0,0,0.02,-2.29,2.33,0.02,-2.51,2.54,0,-2208.93,97.53,24.45,,,,,,,,under 15 years old,fever,0.04,0.045,0.038,0.1,neg,neg,neg,neg
127,Sero-282-12,9,F,40,0,122329,6998,Pv,Pv,29,0,0,30,0,0,0,0,0.02,-2.29,2.33,0.02,-2.52,2.56,0,-2371.62,97.42,20.1,,,,,,,,under 15 years old,fever,0.145,0.114,0.112,0.226,pos,pos,pos,pos
128,Sero-283-01,30,F,40,0,90399,250136,Pv,Pv,30,11,37,32,18,56,1,1,12.14,11.54,12.73,2.24,1.6,2.88,1,55.85,92.3,81.56,0,0,0,0,1,0,blocker,15 years old and above,fever,0.676,0.52,1.288,0.434,pos,pos,pos,pos
129,Sero-284-01,20,M,36,0,59775,111069,Pv,Pv,30,12,40,30,21,70,1,1,64.22,63.62,64.82,2.05,1.4,2.7,1,92.24,98.69,96.81,0,0,0,0,0,1,blocker,15 years old and above,no fever,0.496,0.31,0.379,0.258,pos,pos,pos,pos
130,Sero-285-01,19,M,39,0,334985,399782,Pv,Pv,30,21,70,30,19,63,1,1,25.9,25.3,26.51,10.06,9.45,10.67,1,8.14,83.57,61.15,0,0,0,1,0,0,non_blocker,15 years old and above,fever,0.089,0.123,0.104,0.131,neg,neg,neg,neg
131,Sero-286-01,12,M,38,0,3792,2627,Pv,Pv,30,0,0,30,3,10,0,1,0.15,-0.95,1.25,0.02,-2.51,2.55,0,-82.5,99.27,88.46,,,,,,,blocker,under 15 years old,fever,0.086,0.109,0.089,0.197,neg,neg,neg,neg
132,Sero-287-01,35,M,37,0,6583,20999,Pv,Pv,30,22,73,30,20,67,1,1,17.99,17.38,18.6,10.71,10.1,11.32,1,-40.95,74.87,40.48,0,0,1,0,0,0,non_blocker,15 years old and above,no fever,0.124,0.212,0.241,0.431,neg,neg,neg,pos
133,Sero-288-01,22,F,40,1,358893,102839,Pv,Pv,30,25,83,30,24,80,1,1,36.36,35.76,36.97,28.5,27.9,29.1,1,-83.69,66.57,21.63,0,1,0,0,0,0,non_blocker,15 years old and above,fever,0.121,0.154,0.139,0.217,neg,neg,neg,neg
134,Sero-288-05,22,F,39,0,237315,75,Pv,Pv,30,7,23,30,25,83,1,1,14.52,13.91,15.13,3.81,3.18,4.44,1,36.9,89.1,73.78,0,0,0,1,0,0,non_blocker,15 years old and above,fever,0.115,0.15,0.135,0.249,neg,neg,neg,neg
135,Sero-288-09,22,F,39,0,1200000,365014,Pv,Pv,30,16,53,30,20,67,1,1,27.68,27.07,28.28,8.49,7.88,9.1,1,27.38,87.05,69.33,0,0,0,1,0,0,non_blocker,15 years old and above,fever,0.076,0.105,0.089,0.173,neg,neg,neg,neg
136,Sero-288-10,22,F,39,3233,394924,1100000,Pv,Mixed,30,14,47,30,18,60,1,1,41.69,41.09,42.3,8.52,7.91,9.13,1,51.7,91.35,79.56,0,0,0,1,0,0,non_blocker,15 years old and above,fever,0.108,0.144,0.13,0.258,neg,neg,neg,neg
137,Sero-289-01,13,F,38,0,24395,13324,Pv,Pv,28,14,50,32,22,69,1,1,15.92,15.33,16.51,3.2,2.55,3.86,1,51.27,91.69,79.88,0,0,0,1,0,0,non_blocker,under 15 years old,fever,0.307,0.177,0.596,0.465,neg,neg,pos,pos
138,Sero-289-07,13,F,36,0,321139,735,Pv,Pv,30,4,13,30,8,27,1,1,4.2,3.57,4.83,0.8,0.08,1.53,1,49.84,92.69,80.85,0,0,0,0,1,0,blocker,under 15 years old,no fever,0.064,0.073,0.04,0.259,neg,neg,neg,neg
139,Sero-290-01,18,F,37,0,68612,32407,Pv,Pv,32,0,0,28,3,11,0,1,0.16,-0.95,1.28,0.02,-2.5,2.53,0,-59.84,99.35,89.8,,,,,,,blocker,15 years old and above,no fever,0.095,0.21,0.189,0.511,neg,neg,neg,pos
140,Sero-291-01,18,F,36,0,25020,0,Pv,Pv,30,0,0,30,0,0,0,0,0.02,-2.29,2.33,0.05,-1.65,1.75,0,-3595.65,88,-110.59,,,,,,,,15 years old and above,no fever,0.09,0.128,0.138,0.309,pos,pos,pos,pos
141,Sero-292-01,10,M,37,0,32141,354938,Pv,Pv,30,1,3,30,1,3,1,1,0.09,-1.27,1.44,0.05,-1.65,1.75,0,-384.8,93.69,44.69,,,,,,,non_blocker,under 15 years old,no fever,0.117,0.299,0.293,0.821,neg,neg,pos,pos
142,Sero-293-01,12,M,39,9,45369,244939,mixed,Mixed,30,6,20,30,14,47,1,1,18.18,17.57,18.79,2.93,2.29,3.57,1,61.04,93.33,83.89,0,0,0,0,1,0,blocker,under 15 years old,fever,0.135,0.229,0.208,0.774,neg,neg,neg,pos
143,Sero-294-01,15,M,37,0,581496,283718,Pv,Pv,30,3,10,30,11,37,1,1,11.59,10.98,12.21,0.57,-0.2,1.34,1,86.76,98.15,95.05,0,0,0,0,0,1,blocker,15 years old and above,no fever,0.097,0.35,0.324,1.03,neg,pos,pos,pos
144,Sero-294-10,15,M,37,0,597247,510748,Pv,Pv,28,9,32,30,19,63,1,1,18.08,17.47,18.69,5.49,4.85,6.13,1,26.43,87.47,69.64,0,0,0,1,0,0,non_blocker,15 years old and above,no fever,0.427,0.741,0.562,0.482,pos,pos,pos,pos
145,Sero-295-01,25,F,38,0,18516,5179,Pv,Pv,30,9,30,30,19,63,1,1,36.97,36.37,37.58,4.75,4.12,5.37,1,69.4,94.61,87.16,0,0,0,0,1,0,blocker,15 years old and above,fever,0.289,0.437,0.415,0.469,neg,pos,pos,pos
146,Sero-296-01,12,M,38,49,34435,5594,mixed,Mixed,29,2,7,30,15,50,1,1,4.4,3.77,5.03,0.15,-0.97,1.27,1,87.67,99.06,96.59,0,0,0,0,0,1,blocker,under 15 years old,fever,0.104,0.142,0.139,0.348,neg,neg,neg,neg
147,Sero-297-01,10,M,37,0,312669,979223,Pv,Pv,30,19,63,30,23,77,1,1,54.5,53.9,55.11,61.1,60.5,61.69,1,-161.5,51.95,-12.1,1,0,0,0,0,0,non_blocker,under 15 years old,no fever,0.091,0.331,0.318,0.817,neg,pos,pos,pos
148,Sero-298-01,6,M,37,0,16131,151123,Pv,Pv,30,10,33,32,17,53,1,1,4.65,4.04,5.26,2.02,1.36,2.67,1,-6.16,82.29,56.64,0,0,0,1,0,0,non_blocker,under 15 years old,no fever,0.113,0.263,0.203,1.032,neg,neg,neg,pos
149,Sero-299-01,18,M,38,0,472853,591611,Pv,Pv,30,5,17,30,11,37,1,1,0.86,0.13,1.58,1.33,0.65,2.01,1,-319.85,42.54,-55.32,1,0,0,0,0,0,non_blocker,15 years old and above,fever,0.099,0.176,0.071,0.442,neg,neg,neg,pos
150,Sero-300-01,11,F,37,0,312669,69494,Pv,Pv,32,8,25,33,23,70,1,1,50.93,50.35,51.5,6.7,6.11,7.3,1,69.82,94.26,86.84,0,0,0,0,1,0,blocker,under 15 years old,no fever,0.1,0.16,0.131,0.237,neg,neg,neg,neg
151,Sero-301-01,40,F,37,0,24395,50014,Pv,Pv,30,14,47,32,23,72,1,1,24.82,24.23,25.41,3.45,2.82,4.08,1,67.02,94.14,86.1,0,0,0,0,1,0,blocker,15 years old and above,no fever,0.091,0.117,0.108,0.37,neg,neg,neg,neg
152,Sero-302-01,25,F,40,0,52077,3129,Pv,Pv,30,10,33,30,24,80,1,1,33.28,32.67,33.88,5.85,5.23,6.47,1,58.25,92.61,82.43,0,0,0,0,1,0,blocker,15 years old and above,fever,0.156,0.197,0.168,0.217,neg,neg,neg,neg
153,Sero-303-01,13,M,39,0,146468,1100000,Pv,Pv,30,8,27,30,15,50,1,1,29.9,29.29,30.5,25.29,24.69,25.89,1,-98.56,63.97,15.42,0,1,0,0,0,0,non_blocker,under 15 years old,fever,0.114,0.124,0.121,0.171,neg,neg,neg,neg
154,Sero-303-04,13,M,39,0,140414,4,Pv,Pv,30,0,0,32,0,0,0,0,0.02,-2.29,2.33,0.02,-2.51,2.55,0,-2287.45,97.47,22.34,,,,,,,,under 15 years old,fever,1.017,0.754,0.929,1.04,pos,pos,pos,pos
155,Sero-304-01,25,M,37,0,156922,2980,Pv,Pv,29,1,3,30,6,20,1,1,7.09,6.47,7.71,1.98,1.32,2.65,1,30.38,88.75,72.01,0,0,0,1,0,0,non_blocker,15 years old and above,no fever,0.105,0.131,0.129,0.246,neg,neg,neg,neg
156,Sero-304-04,25,M,39,0,344059,5001,Pv,Pv,28,3,11,31,6,19,1,1,1.28,0.6,1.96,0.61,-0.17,1.4,1,-35.41,83,52.02,0,0,0,1,0,0,non_blocker,15 years old and above,fever,0.085,0.112,0.12,0.235,neg,neg,neg,neg
157,Sero-305-01,10,M,38,0,4063,11422,Pv,Pv,32,9,28,29,17,59,1,1,18.66,18.04,19.27,2.57,1.94,3.19,1,66.86,94.29,86.24,0,0,0,0,1,0,blocker,under 15 years old,fever,0.139,0.153,0.147,0.264,neg,neg,neg,neg
158,Sero-306-01,14,F,37,0,22770,14289,Pv,Pv,28,2,7,28,17,61,1,1,16.7,16.07,17.33,0.09,-1.31,1.48,1,97.63,99.89,99.49,0,0,0,0,0,1,blocker,under 15 years old,no fever,0.078,0.137,0.053,0.247,neg,neg,neg,neg
159,Sero-306-05,14,F,37,0,4353,1826,Pv,Pv,30,0,0,30,0,0,0,0,0.02,-2.29,2.33,0.02,-2.51,2.55,0,-2287.45,97.47,22.34,,,,,,,,under 15 years old,no fever,0.091,0.074,0.078,0.205,pos,neg,pos,pos
160,Sero-307-01,11,M,38,0,11428,16095,Pv,Pv,29,4,14,30,8,27,1,1,4.37,3.73,5,1.31,0.61,2,1,23.51,88.28,70.05,0,0,0,1,0,0,non_blocker,under 15 years old,fever,0.14,0.173,0.172,0.345,neg,neg,neg,neg
161,Sero-307-07,11,M,37,0,734470,426,Pv,Pv,29,0,0,30,4,13,0,1,2.32,1.67,2.97,0.02,-2.52,2.56,1,89.22,99.94,99.22,0,0,0,0,0,1,blocker,under 15 years old,no fever,0.107,0.14,0.15,0.266,neg,neg,neg,neg
162,Sero-308-01,35,M,37,0,168122,185130,Pv,Pv,30,8,27,30,17,57,1,1,40.02,39.42,40.63,5.72,5.1,6.34,1,66.07,93.99,85.72,0,0,0,0,1,0,blocker,15 years old and above,no fever,0.52,0.778,0.439,0.646,pos,pos,pos,pos
163,Sero-308-05,35,M,38,0,156922,2085,Pv,Pv,30,0,0,30,6,20,0,1,1.51,0.82,2.2,0.02,-2.51,2.55,1,83.85,99.91,98.83,0,0,0,0,0,1,blocker,15 years old and above,fever,0.154,0.386,0.178,0.399,pos,pos,pos,pos
164,Sero-308-07,35,M,39,0,734470,90,Pv,Pv,30,0,0,30,0,0,0,0,0.02,-2.29,2.33,0.02,-2.51,2.54,0,-2208.93,97.53,24.45,,,,,,,,15 years old and above,fever,0.43,0.678,0.648,1.46,pos,pos,pos,pos
165,Sero-309-01,18,M,39,0,45369,2519,Pv,Pv,30,15,50,30,17,57,1,1,8.27,7.65,8.88,4.1,3.47,4.73,1,-19.75,79.47,50.41,0,0,1,0,0,0,non_blocker,15 years old and above,fever,0.068,0.279,0.249,0.779,neg,neg,neg,pos
166,Sero-310-01,11,M,39,0,16131,6213,Pv,Pv,30,2,7,32,20,63,1,1,7.82,7.22,8.42,0.08,-1.31,1.47,1,95.38,99.77,98.98,0,0,0,0,0,1,blocker,under 15 years old,fever,0.427,0.351,0.49,2.575,pos,pos,pos,pos
167,Sero-311-01,9,M,39,0,18516,5753,Pv,Pv,30,2,7,30,3,10,1,1,0.32,-0.56,1.2,0.54,-0.24,1.32,0,-447.53,47.95,-68.82,,,,,,,non_blocker,under 15 years old,fever,0.098,0.315,0.302,0.773,neg,pos,pos,pos
168,Sero-311-06,9,M,36,0,140414,5916,Pv,Pv,29,0,0,30,0,0,0,0,0.02,-2.29,2.34,0.02,-2.52,2.56,0,-2310.36,97.51,22.46,,,,,,,,under 15 years old,no fever,0.224,0.409,0.401,0.605,pos,pos,pos,pos
169,Sero-312-01,50,F,36,0,384508,226790,Pv,Pv,29,3,10,30,7,23,1,1,2.42,1.77,3.07,0.42,-0.41,1.26,1,49.65,93.93,82.51,0,0,0,0,1,0,blocker,15 years old and above,no fever,0.133,0.814,0.768,2.119,neg,pos,pos,pos
170,Sero-312-04,50,F,38,0,1100000,13324,Pv,Pv,30,6,20,30,11,37,1,1,5.68,5.05,6.3,2.15,1.5,2.8,1,6.67,84.68,62.19,0,0,0,1,0,0,non_blocker,15 years old and above,fever,0.08,0.992,0.715,2.489,neg,pos,pos,pos
171,Sero-313-01,20,F,38,0,1445,1323,Pv,Pv,30,0,0,29,0,0,0,0,0.02,-2.29,2.34,0.02,-2.51,2.55,0,-2228.3,97.56,24.64,,,,,,,,15 years old and above,fever,0.044,0.035,0.026,0.059,neg,neg,neg,neg
172,Sero-314-01,14,M,37,3699,7556,473,Pv,Mixed,30,2,7,30,8,27,1,1,5.88,5.25,6.5,1,0.3,1.71,1,56.31,93.35,82.95,0,0,0,0,1,0,blocker,under 15 years old,no fever,0.138,0.393,0.31,1.089,neg,pos,pos,pos
173,Sero-315-01,15,F,39,0,9293,5478,Pv,Pv,30,27,90,30,29,97,1,1,41.73,41.12,42.33,11.25,10.64,11.86,1,36.45,88.56,73.04,0,0,0,1,0,0,non_blocker,15 years old and above,fever,0.093,0.171,0.065,0.174,neg,neg,neg,neg
174,Sero-316-01,14,M,39,0,45369,2537,Pv,Pv,30,5,17,30,13,43,1,1,2.95,2.3,3.59,0.47,-0.32,1.27,1,55.05,94.22,83.89,0,0,0,0,1,0,blocker,under 15 years old,fever,0.082,0.167,0.199,0.264,pos,pos,pos,pos
175,Sero-317-01,12,M,36,0,34435,18906,Pv,Pv,26,8,31,30,22,73,1,1,15.85,15.24,16.46,3.55,2.88,4.23,1,44.15,90.99,77.57,0,0,0,1,0,0,non_blocker,under 15 years old,no fever,0.402,0.366,0.447,0.526,pos,pos,pos,pos
176,Sero-318-01,7,M,38,0,14053,1490,Pv,Pv,30,2,7,30,15,50,1,1,3.31,2.67,3.95,0.21,-0.77,1.2,1,79.37,98.03,93.63,0,0,0,0,0,1,blocker,under 15 years old,fever,0.557,0.709,0.831,1.059,pos,pos,pos,pos
177,Sero-320-01,22,M,39,0,7053,522,Pv,Pv,26,0,0,26,0,0,0,0,0.03,-2.31,2.37,0.05,-1.67,1.78,0,-3775.17,88.37,-112.33,,,,,,,,15 years old and above,fever,0.057,0.04,0.048,0.089,neg,neg,neg,neg
178,Sero-321-01,10,M,36,0,119103,39148,Pv,Pv,30,0,0,30,17,57,0,1,3.38,2.74,4.02,0.02,-2.51,2.55,1,92.88,99.96,99.48,0,0,0,0,0,1,blocker,under 15 years old,no fever,0.091,0.211,0.289,0.45,pos,pos,pos,pos
179,Sero-322-01,17,F,38,0,136711,22521,Pv,Pv,29,0,0,30,2,7,0,1,0.11,-1.07,1.29,0.22,-0.77,1.21,0,-864.77,55.8,-106.49,,,,,,,non_blocker,15 years old and above,fever,0.178,0.305,0.375,0.62,pos,pos,pos,pos
180,Sero-323-01,61,F,39,345,30,189,Pv,Mixed,30,0,0,30,0,0,0,0,0.02,-2.29,2.33,0.02,-2.51,2.55,0,-2287.45,97.47,22.34,,,,,,,,15 years old and above,fever,0.181,0.328,1.308,0.573,pos,pos,pos,pos
181,Sero-324-01,17,M,38,0,2341,438,Pv,Pv,30,0,0,30,0,0,0,0,0.02,-2.29,2.33,0.02,-2.51,2.55,0,-2287.45,97.47,22.34,,,,,,,,15 years old and above,fever,0.187,0.5,0.474,0.936,pos,pos,pos,pos
182,Sero-325-01,50,F,39,0,156922,138950,Pv,Pv,30,22,73,30,25,83,1,1,40.83,40.22,41.43,16.88,16.28,17.49,1,2.84,82.4,58.65,0,0,0,1,0,0,non_blocker,15 years old and above,fever,0.259,0.44,0.548,0.896,pos,pos,pos,pos
183,Sero-326-01,30,F,36,0,384508,111849,Pv,Pv,28,2,7,29,4,14,1,1,0.89,0.15,1.62,0.12,-1.11,1.35,0,43.17,96.76,86.43,,,,,,,blocker,15 years old and above,no fever,0.087,0.202,0.256,0.312,pos,pos,pos,pos
184,Sero-328-01,18,M,39,0,206750,839483,Pv,Pv,32,19,59,30,16,53,1,1,83.59,82.99,84.19,80.19,79.61,80.77,1,-120.47,58.26,4.07,1,0,0,0,0,0,non_blocker,15 years old and above,fever,0.311,0.418,0.256,0.375,neg,pos,neg,pos
185,Sero-328-04,18,M,40,0,43494,4696,Pv,Pv,29,20,69,29,26,90,1,1,26.17,25.55,26.78,10.36,9.74,10.98,1,5.04,83.48,60.39,0,0,0,1,0,0,non_blocker,15 years old and above,fever,0.935,0.216,0.253,0.327,pos,pos,pos,pos
186,Sero-329-01,15,M,39,0,16131,2721,Pv,Pv,29,0,0,29,0,0,0,0,0.02,-2.29,2.34,0.02,-2.52,2.56,0,-2310.36,97.51,22.46,,,,,,,,15 years old and above,fever,0.223,0.417,0.229,0.276,pos,pos,pos,pos
187,Sero-330-01,24,M,37,0,59775,47290,Pv,Pv,30,0,0,30,0,0,0,0,0.02,-2.29,2.33,0.02,-2.51,2.55,0,-2287.45,97.47,22.34,,,,,,,,15 years old and above,no fever,0.282,0.817,0.85,1.543,pos,pos,pos,pos
188,Sero-331-01,12,F,37,0,30000,10,Pv,Pv,30,6,20,30,18,60,1,1,13.38,12.77,13.99,1.46,0.79,2.14,1,72.86,95.61,89.08,0,0,0,0,1,0,blocker,under 15 years old,no fever,0.067,0.129,0.155,0.18,pos,neg,neg,neg
189,Sero-332-01,14,F,38,0,225,20,Pv,Pv,29,0,0,30,6,20,0,1,0.62,-0.14,1.39,0.02,-2.51,2.55,0,60.07,99.8,97.16,,,,,,,blocker,under 15 years old,fever,0.103,0.165,0.217,0.324,pos,pos,pos,pos
190,Sero-333-01,19,F,36,0,119103,15,Pv,Pv,30,0,0,30,0,0,0,0,0.02,-2.29,2.33,0.02,-2.51,2.55,0,-2287.45,97.47,22.34,,,,,,,,15 years old and above,no fever,0.047,0.066,0.064,0.288,neg,neg,neg,pos
191,Sero-334-01,18,M,39,7,4063,2,Pv,Mixed,29,0,0,30,7,23,0,1,3.48,2.84,4.11,0.02,-2.52,2.56,1,92.83,99.96,99.48,0,0,0,0,0,1,blocker,15 years old and above,fever,0.045,0.158,0.197,0.325,neg,pos,neg,pos
192,Sero-335-01,15,M,39,0,90399,41986,Pv,Pv,30,0,0,30,0,0,0,0,0.02,-2.29,2.33,0.02,-2.51,2.55,0,-2287.45,97.47,22.34,,,,,,,,15 years old and above,fever,0.215,0.248,0.276,0.358,pos,pos,pos,pos
193,Sero-336-01,24,M,37,0,1445,720,Pv,Pv,30,0,0,30,0,0,0,0,0.02,-2.29,2.33,0.02,-2.51,2.55,0,-2228.3,97.56,24.64,,,,,,,,15 years old and above,no fever,,,,,,,,
194,Sero-337-01,12,F,37,0,3084,9589,Pv,Pv,28,8,29,30,20,67,1,1,26.16,25.56,26.77,2.86,2.19,3.52,1,73.23,95.55,89.09,0,0,0,0,1,0,blocker,under 15 years old,no fever,0.416,0.759,0.817,1.32,pos,pos,pos,pos
195,Sero-338-01,14,F,38,0,84377,4199,Pv,Pv,29,15,52,30,28,93,1,1,23.64,23.04,24.25,6.54,5.91,7.17,1,33.75,88.45,72.33,0,0,0,1,0,0,non_blocker,under 15 years old,fever,0.254,0.453,0.427,1.06,pos,pos,pos,pos
196,Sero-339-01,19,F,39,0,39526,288,Pv,Pv,25,15,60,25,17,68,1,1,67.41,66.75,68.06,19.33,18.67,19.98,1,27.42,88.67,71.33,0,0,0,1,0,0,non_blocker,15 years old and above,fever,0.533,0.539,0.642,0.623,pos,pos,pos,pos
